,predicted
0,0.0
1,0.0
2,0.0
3,0.0
4,0.0
5,0.0
6,0.0
7,0.0
8,0.0
9,0.0
10,0.0
11,0.0
12,0.0
13,0.0
14,0.0
15,0.0
16,0.0
17,0.0
18,0.0
19,0.0
20,0.0
21,0.0
22,0.0
23,0.0
24,0.0
25,0.0
26,0.0
27,0.0
28,0.0
29,0.0
30,0.0
31,0.0
32,0.0
33,0.0
34,0.0
35,0.0
36,0.0
37,0.0
38,0.0
39,0.0
40,0.0
41,0.0
42,0.0
43,0.0
44,0.0
45,0.0
46,9.094957172395866e-07
47,1.8189914344791732e-06
48,2.72848715171876e-06
49,3.6379828689583465e-06
50,4.547478586197933e-06
51,4.547478586197933e-06
52,4.547478586197933e-06
53,4.547478586197933e-06
54,4.547478586197933e-06
55,4.547478586197933e-06
56,4.547478586197933e-06
57,4.547478586197933e-06
58,0.0010570731432697333
59,0.0021095988079532684
60,0.003162124472636804
61,0.004214650137320339
62,0.005267175802003874
63,0.005267175802003874
64,0.005267175802003874
65,0.005267175802003874
66,0.005267175802003874
67,0.005267175802003874
68,0.005267175802003874
69,0.005267175802003874
70,0.035218989224574296
71,0.06517080264714473
72,0.09512261606971514
73,0.12507442949228556
74,0.155026242914856
75,0.155026242914856
76,0.155026242914856
77,0.155026242914856
78,0.155026242914856
79,0.155026242914856
80,0.155026242914856
81,0.155026242914856
82,0.18347880966983673
83,0.2119313764248175
84,0.24038394317979822
85,0.268836509934779
86,0.29728907668975973
87,0.29728907668975973
88,0.29728907668975973
89,0.29728907668975973
90,0.29728907668975973
91,0.29728907668975973
92,0.29728907668975973
93,0.29728907668975973
94,0.4079458765575887
95,0.5186026764254176
96,0.6292594762932465
97,0.7399162761610755
98,0.8505730760289044
99,0.8505730760289044
100,0.8505730760289044
101,0.8505730760289044
102,0.8505730760289044
103,0.8505730760289044
104,0.8505730760289044
105,0.8505730760289044
106,1.01466398858373
107,1.1787549011385556
108,1.3428458136933812
109,1.5069367262482067
110,1.6710276388030323
111,1.6710276388030323
112,1.6710276388030323
113,1.6710276388030323
114,1.6710276388030323
115,1.6710276388030323
116,1.6710276388030323
117,1.6710276388030323
118,1.5818527625352792
119,1.492677886267526
120,1.403503009999773
121,1.3143281337320198
122,1.2251532574642667
123,1.2251532574642667
124,1.2251532574642667
125,1.2251532574642667
126,1.2251532574642667
127,1.2251532574642667
128,1.2251532574642667
129,1.2251532574642667
130,1.2353515473899976
131,1.2455498373157285
132,1.2557481272414592
133,1.2659464171671901
134,1.2761447070929208
135,1.2761447070929208
136,1.2761447070929208
137,1.2761447070929208
138,1.2761447070929208
139,1.2761447070929208
140,1.2761447070929208
141,1.2761447070929208
142,1.276092785300004
143,1.276040863507087
144,1.27598894171417
145,1.2759370199212532
146,1.2758850981283363
147,1.2758850981283363
148,1.2758850981283363
149,1.2758850981283363
150,1.2758850981283363
151,1.2758850981283363
152,1.2758850981283363
153,1.2758850981283363
154,1.272149885780732
155,1.2684146734331279
156,1.2646794610855236
157,1.2609442487379194
158,1.2572090363903152
159,1.2572090363903152
160,1.2572090363903152
161,1.2572090363903152
162,1.2572090363903152
163,1.2572090363903152
164,1.2572090363903152
165,1.2572090363903152
166,1.1197596238378487
167,0.9823102112853823
168,0.844860798732916
169,0.7074113861804494
170,0.569961973627983
171,0.569961973627983
172,0.569961973627983
173,0.569961973627983
174,0.569961973627983
175,0.569961973627983
176,0.569961973627983
177,0.569961973627983
178,0.5963893832770022
179,0.6228167929260215
180,0.6492442025750408
181,0.67567161222406
182,0.7020990218730793
183,0.7020990218730793
184,0.7020990218730793
185,0.7020990218730793
186,0.7020990218730793
187,0.7020990218730793
188,0.7020990218730793
189,0.7020990218730793
190,0.5824348202456527
191,0.4627706186182261
192,0.3431064169907996
193,0.22344221536337314
194,0.10377801373594658
195,0.10377801373594658
196,0.10377801373594658
197,0.10377801373594658
198,0.10377801373594658
199,0.10377801373594658
200,0.10377801373594658
201,0.10377801373594658
202,0.08684661405948223
203,0.06991521438301788
204,0.05298381470655355
205,0.036052415030089206
206,0.019121015353624857
207,0.019121015353624857
208,0.019121015353624857
209,0.019121015353624857
210,0.019121015353624857
211,0.019121015353624857
212,0.019121015353624857
213,0.019121015353624857
214,0.01534010114395796
215,0.011559186934291064
216,0.007778272724624166
217,0.00399735851495727
218,0.00021644430529037275
219,0.00021644430529037275
220,0.00021644430529037275
221,0.00021644430529037275
222,0.00021644430529037275
223,0.00021644430529037275
224,0.00021644430529037275
225,0.00021644430529037275
226,0.00017331097743469902
227,0.0001301776495790253
228,8.704432172335153e-05
229,4.3910993867677825e-05
230,7.776660120040846e-07
231,7.776660120040846e-07
232,7.776660120040846e-07
233,7.776660120040846e-07
234,7.776660120040846e-07
235,7.776660120040846e-07
236,7.776660120040846e-07
237,7.776660120040846e-07
238,6.221328096032677e-07
239,4.665996072024508e-07
240,3.1106640480163386e-07
241,1.5553320240081693e-07
242,0.0
243,0.0
244,0.0
245,0.0
246,0.0
247,0.0
248,0.0
249,0.0
250,0.0
251,0.0
252,0.0
253,0.0
254,0.0
255,0.0
256,0.0
257,0.0
258,0.0
259,0.0
260,0.0
261,0.0
262,7.441727239413912e-05
263,0.00014883454478827824
264,0.00022325181718241738
265,0.0002976690895765565
266,0.0003720863619706956
267,0.0003720863619706956
268,0.0003720863619706956
269,0.0003720863619706956
270,0.0003720863619706956
271,0.0003720863619706956
272,0.0003720863619706956
273,0.0003720863619706956
274,0.019624590468847042
275,0.03887709457572339
276,0.05812959868259974
277,0.07738210278947609
278,0.09663460689635243
279,0.09663460689635243
280,0.09663460689635243
281,0.09663460689635243
282,0.09663460689635243
283,0.09663460689635243
284,0.09663460689635243
285,0.09663460689635243
286,0.07730830934307582
287,0.05798201178979921
288,0.0386557142365226
289,0.019329416683246003
290,3.119129969393679e-06
291,3.119129969393679e-06
292,3.119129969393679e-06
293,3.119129969393679e-06
294,3.119129969393679e-06
295,3.119129969393679e-06
296,3.119129969393679e-06
297,3.119129969393679e-06
298,0.0393636338688253
299,0.0787241486076812
300,0.1180846633465371
301,0.157445178085393
302,0.19680569282424892
303,0.19680569282424892
304,0.19680569282424892
305,0.19680569282424892
306,0.19680569282424892
307,0.19680569282424892
308,0.19680569282424892
309,0.19680569282424892
310,0.15744455425939913
311,0.11808341569454935
312,0.07872227712969956
313,0.03936113856484978
314,0.0
315,0.0
316,0.0
317,0.0
318,0.0
319,0.0
320,0.0
321,0.0
322,0.0
323,0.0
324,0.0
325,0.0
326,0.0
327,0.0
328,0.0
329,0.0
330,0.0
331,0.0
332,0.0
333,0.0
334,9.094957172395866e-07
335,1.8189914344791732e-06
336,2.72848715171876e-06
337,3.6379828689583465e-06
338,4.547478586197933e-06
339,4.547478586197933e-06
340,4.547478586197933e-06
341,4.547478586197933e-06
342,4.547478586197933e-06
343,4.547478586197933e-06
344,4.547478586197933e-06
345,4.547478586197933e-06
346,0.0010570731432697333
347,0.0021095988079532684
348,0.003162124472636804
349,0.004214650137320339
350,0.005267175802003874
351,0.005267175802003874
352,0.005267175802003874
353,0.005267175802003874
354,0.005267175802003874
355,0.005267175802003874
356,0.005267175802003874
357,0.005267175802003874
358,0.03721187242312115
359,0.06915656904423842
360,0.10110126566535571
361,0.133045962286473
362,0.16499065890759027
363,0.16499065890759027
364,0.16499065890759027
365,0.16499065890759027
366,0.16499065890759027
367,0.16499065890759027
368,0.16499065890759027
369,0.16499065890759027
370,0.2684363676621361
371,0.3718820764166818
372,0.47532778517122765
373,0.5787734939257734
374,0.6822192026803192
375,0.6822192026803192
376,0.6822192026803192
377,0.6822192026803192
378,0.6822192026803192
379,0.6822192026803192
380,0.6822192026803192
381,0.6822192026803192
382,0.718856838511207
383,0.7554944743420947
384,0.7921321101729825
385,0.8287697460038702
386,0.865407381834758
387,0.865407381834758
388,0.865407381834758
389,0.865407381834758
390,0.865407381834758
391,0.865407381834758
392,0.865407381834758
393,0.865407381834758
394,1.1353218382035408
395,1.4052362945723238
396,1.6751507509411065
397,1.9450652073098895
398,2.2149796636786725
399,2.2149796636786725
400,2.2149796636786725
401,2.2149796636786725
402,2.2149796636786725
403,2.2149796636786725
404,2.2149796636786725
405,2.2149796636786725
406,2.173215097709965
407,2.1314505317412573
408,2.0896859657725497
409,2.047921399803842
410,2.006156833835134
411,2.006156833835134
412,2.006156833835134
413,2.006156833835134
414,2.006156833835134
415,2.006156833835134
416,2.006156833835134
417,2.006156833835134
418,2.0074758073443353
419,2.0087947808535365
420,2.010113754362737
421,2.0114327278719384
422,2.0127517013811396
423,2.0127517013811396
424,2.0127517013811396
425,2.0127517013811396
426,2.0127517013811396
427,2.0127517013811396
428,2.0127517013811396
429,2.0127517013811396
430,1.8973100956321791
431,1.7818684898832187
432,1.666426884134258
433,1.5509852783852975
434,1.435543672636337
435,1.435543672636337
436,1.435543672636337
437,1.435543672636337
438,1.435543672636337
439,1.435543672636337
440,1.435543672636337
441,1.435543672636337
442,1.3890613868308748
443,1.3425791010254122
444,1.2960968152199497
445,1.2496145294144871
446,1.2031322436090246
447,1.2031322436090246
448,1.2031322436090246
449,1.2031322436090246
450,1.2031322436090246
451,1.2031322436090246
452,1.2031322436090246
453,1.2031322436090246
454,1.1269558810248799
455,1.0507795184407351
456,0.9746031558565902
457,0.8984267932724455
458,0.8222504306883007
459,0.8222504306883007
460,0.8222504306883007
461,0.8222504306883007
462,0.8222504306883007
463,0.8222504306883007
464,0.8222504306883007
465,0.8222504306883007
466,0.7516792908045911
467,0.6811081509208814
468,0.6105370110371717
469,0.5399658711534621
470,0.46939473126975245
471,0.46939473126975245
472,0.46939473126975245
473,0.46939473126975245
474,0.46939473126975245
475,0.46939473126975245
476,0.46939473126975245
477,0.46939473126975245
478,0.41984315635241226
479,0.37029158143507207
480,0.3207400065177319
481,0.2711884316003917
482,0.22163685668305144
483,0.22163685668305144
484,0.22163685668305144
485,0.22163685668305144
486,0.22163685668305144
487,0.22163685668305144
488,0.22163685668305144
489,0.22163685668305144
490,0.18399673548349033
491,0.1463566142839292
492,0.10871649308436816
493,0.07107637188480707
494,0.03343625068524597
495,0.03343625068524597
496,0.03343625068524597
497,0.03343625068524597
498,0.03343625068524597
499,0.03343625068524597
500,0.03343625068524597
501,0.03343625068524597
502,0.02679678212682943
503,0.02015731356841289
504,0.013517845009996346
505,0.006878376451579804
506,0.0002389078931632632
507,0.0002389078931632632
508,0.0002389078931632632
509,0.0002389078931632632
510,0.0002389078931632632
511,0.0002389078931632632
512,0.0002389078931632632
513,0.0002389078931632632
514,0.00019117186926822114
515,0.0001434358453731791
516,9.569982147813708e-05
517,4.7963797583095016e-05
518,2.2777368805297401e-07
519,2.2777368805297401e-07
520,2.2777368805297401e-07
521,2.2777368805297401e-07
522,2.2777368805297401e-07
523,2.2777368805297401e-07
524,2.2777368805297401e-07
525,2.2777368805297401e-07
526,1.822189504423792e-07
527,1.366642128317844e-07
528,9.11094752211896e-08
529,4.55547376105948e-08
530,0.0
531,0.0
532,0.0
533,0.0
534,0.0
535,0.0
536,0.0
537,0.0
538,0.0
539,0.0
540,0.0
541,0.0
542,0.0
543,0.0
544,0.0
545,0.0
546,0.0
547,0.0
548,0.0
549,0.0
550,0.0
551,0.0
552,0.0
553,0.0
554,0.0
555,0.0
556,0.0
557,0.0
558,0.0
559,0.0
560,0.0
561,0.0
562,0.005114983020796033
563,0.010229966041592067
564,0.0153449490623881
565,0.020459932083184133
566,0.02557491510398017
567,0.02557491510398017
568,0.02557491510398017
569,0.02557491510398017
570,0.02557491510398017
571,0.02557491510398017
572,0.02557491510398017
573,0.02557491510398017
574,0.02557491510398017
575,0.02557491510398017
576,0.02557491510398017
577,0.02557491510398017
578,0.02557491510398017
579,0.02557491510398017
580,0.02557491510398017
581,0.02557491510398017
582,0.02557491510398017
583,0.02557491510398017
584,0.02557491510398017
585,0.02557491510398017
586,0.020459932083184133
587,0.0153449490623881
588,0.010229966041592067
589,0.005114983020796033
590,0.0
591,0.0
592,0.0
593,0.0
594,0.0
595,0.0
596,0.0
597,0.0
598,0.0
599,0.0
600,0.0
601,0.0
602,0.0
603,0.0
604,0.0
605,0.0
606,0.0
607,0.0
608,0.0
609,0.0
610,0.0
611,0.0
612,0.0
613,0.0
614,0.0
615,0.0
616,0.0
617,0.0
618,0.0
619,0.0
620,0.0
621,0.0
622,5.535288103181096e-06
623,1.1070576206362193e-05
624,1.660586430954329e-05
625,2.2141152412724386e-05
626,2.7676440515905482e-05
627,2.7676440515905482e-05
628,2.7676440515905482e-05
629,2.7676440515905482e-05
630,2.7676440515905482e-05
631,2.7676440515905482e-05
632,2.7676440515905482e-05
633,2.7676440515905482e-05
634,0.0010755763128134992
635,0.002123476185111093
636,0.003171376057408687
637,0.0042192759297062805
638,0.005267175802003874
639,0.005267175802003874
640,0.005267175802003874
641,0.005267175802003874
642,0.005267175802003874
643,0.005267175802003874
644,0.005267175802003874
645,0.005267175802003874
646,0.036143742962444984
647,0.06702031012288609
648,0.09789687728332722
649,0.12877344444376834
650,0.15965001160420944
651,0.15965001160420944
652,0.15965001160420944
653,0.15965001160420944
654,0.15965001160420944
655,0.15965001160420944
656,0.15965001160420944
657,0.15965001160420944
658,0.1871778246213195
659,0.21470563763842954
660,0.2422334506555396
661,0.2697612636726497
662,0.29728907668975973
663,0.29728907668975973
664,0.29728907668975973
665,0.29728907668975973
666,0.29728907668975973
667,0.29728907668975973
668,0.29728907668975973
669,0.29728907668975973
670,0.5559520435677534
671,0.8146150104457471
672,1.0732779773237406
673,1.3319409442017345
674,1.5906039110797283
675,1.5906039110797283
676,1.5906039110797283
677,1.5906039110797283
678,1.5906039110797283
679,1.5906039110797283
680,1.5906039110797283
681,1.5906039110797283
682,1.700806244103949
683,1.8110085771281699
684,1.9212109101523909
685,2.0314132431766114
686,2.141615576200832
687,2.141615576200832
688,2.141615576200832
689,2.141615576200832
690,2.141615576200832
691,2.141615576200832
692,2.141615576200832
693,2.141615576200832
694,1.9715947751016274
695,1.8015739740024224
696,1.6315531729032173
697,1.4615323718040123
698,1.2915115707048073
699,1.2915115707048073
700,1.2915115707048073
701,1.2915115707048073
702,1.2915115707048073
703,1.2915115707048073
704,1.2915115707048073
705,1.2915115707048073
706,1.3367014359017055
707,1.3818913010986038
708,1.4270811662955023
709,1.4722710314924006
710,1.517460896689299
711,1.517460896689299
712,1.517460896689299
713,1.517460896689299
714,1.517460896689299
715,1.517460896689299
716,1.517460896689299
717,1.517460896689299
718,1.6259852437117395
719,1.7345095907341799
720,1.84303393775662
721,1.9515582847790605
722,2.0600826318015004
723,2.0600826318015004
724,2.0600826318015004
725,2.0600826318015004
726,2.0600826318015004
727,2.0600826318015004
728,2.0600826318015004
729,2.0600826318015004
730,1.895612656183194
731,1.7311426805648875
732,1.5666727049465812
733,1.4022027293282746
734,1.2377327537099683
735,1.2377327537099683
736,1.2377327537099683
737,1.2377327537099683
738,1.2377327537099683
739,1.2377327537099683
740,1.2377327537099683
741,1.2377327537099683
742,1.2393038073676728
743,1.2408748610253773
744,1.2424459146830817
745,1.2440169683407862
746,1.2455880219984907
747,1.2455880219984907
748,1.2455880219984907
749,1.2455880219984907
750,1.2455880219984907
751,1.2455880219984907
752,1.2455880219984907
753,1.2455880219984907
754,1.0898571329547486
755,0.9341262439110067
756,0.7783953548672646
757,0.6226644658235225
758,0.4669335767797804
759,0.4669335767797804
760,0.4669335767797804
761,0.4669335767797804
762,0.4669335767797804
763,0.4669335767797804
764,0.4669335767797804
765,0.4669335767797804
766,0.4230810197677624
767,0.3792284627557444
768,0.33537590574372644
769,0.2915233487317085
770,0.24767079171969048
771,0.24767079171969048
772,0.24767079171969048
773,0.24767079171969048
774,0.24767079171969048
775,0.24767079171969048
776,0.24767079171969048
777,0.24767079171969048
778,0.20926278136494283
779,0.1708547710101952
780,0.13244676065544758
781,0.09403875030069997
782,0.05563073994595233
783,0.05563073994595233
784,0.05563073994595233
785,0.05563073994595233
786,0.05563073994595233
787,0.05563073994595233
788,0.05563073994595233
789,0.05563073994595233
790,0.04455237353539451
791,0.0334740071248367
792,0.022395640714278887
793,0.011317274303721075
794,0.0002389078931632632
795,0.0002389078931632632
796,0.0002389078931632632
797,0.0002389078931632632
798,0.0002389078931632632
799,0.0002389078931632632
800,0.0002389078931632632
801,0.0002389078931632632
802,0.00019117186926822114
803,0.0001434358453731791
804,9.569982147813708e-05
805,4.7963797583095016e-05
806,2.2777368805297401e-07
807,2.2777368805297401e-07
808,2.2777368805297401e-07
809,2.2777368805297401e-07
810,2.2777368805297401e-07
811,2.2777368805297401e-07
812,2.2777368805297401e-07
813,2.2777368805297401e-07
814,1.822189504423792e-07
815,1.366642128317844e-07
816,9.11094752211896e-08
817,4.55547376105948e-08
818,0.0
819,0.0
820,0.0
821,0.0
822,0.0
823,0.0
824,0.0
825,0.0
826,0.0
827,0.0
828,0.0
829,0.0
830,0.0
831,0.0
832,0.0
833,0.0
834,0.0
835,0.0
836,0.0
837,0.0
838,0.005114983020796033
839,0.010229966041592067
840,0.0153449490623881
841,0.020459932083184133
842,0.02557491510398017
843,0.02557491510398017
844,0.02557491510398017
845,0.02557491510398017
846,0.02557491510398017
847,0.02557491510398017
848,0.02557491510398017
849,0.02557491510398017
850,0.02591688245522695
851,0.02625884980647373
852,0.026600817157720513
853,0.026942784508967296
854,0.027284751860214077
855,0.027284751860214077
856,0.027284751860214077
857,0.027284751860214077
858,0.027284751860214077
859,0.027284751860214077
860,0.027284751860214077
861,0.027284751860214077
862,0.03692640902070536
863,0.046568066181196646
864,0.05620972334168793
865,0.06585138050217922
866,0.0754930376626705
867,0.0754930376626705
868,0.0754930376626705
869,0.0754930376626705
870,0.0754930376626705
871,0.0754930376626705
872,0.0754930376626705
873,0.0754930376626705
874,0.07037805464187447
875,0.06526307162107843
876,0.060148088600282396
877,0.055033105579486374
878,0.04991812255869034
879,0.04991812255869034
880,0.04991812255869034
881,0.04991812255869034
882,0.04991812255869034
883,0.04991812255869034
884,0.04991812255869034
885,0.04991812255869034
886,0.039934498046952274
887,0.029950873535214206
888,0.019967249023476137
889,0.009983624511738069
890,0.0
891,0.0
892,0.0
893,0.0
894,0.0
895,0.0
896,0.0
897,0.0
898,0.0012732583790775957
899,0.0025465167581551914
900,0.003819775137232787
901,0.005093033516310383
902,0.006366291895387979
903,0.006366291895387979
904,0.006366291895387979
905,0.006366291895387979
906,0.006366291895387979
907,0.006366291895387979
908,0.006366291895387979
909,0.006366291895387979
910,0.005158854289670428
911,0.003951416683952877
912,0.0027439790782353268
913,0.0015365414725177762
914,0.00032910386680022586
915,0.00032910386680022586
916,0.00032910386680022586
917,0.00032910386680022586
918,0.00032910386680022586
919,0.00032910386680022586
920,0.00032910386680022586
921,0.00032910386680022586
922,0.002664113065419084
923,0.0049991222640379425
924,0.007334131462656801
925,0.009669140661275659
926,0.012004149859894517
927,0.012004149859894517
928,0.012004149859894517
929,0.012004149859894517
930,0.012004149859894517
931,0.012004149859894517
932,0.012004149859894517
933,0.012004149859894517
934,0.0415333222087575
935,0.07106249455762048
936,0.10059166690648347
937,0.13012083925534645
938,0.15965001160420944
939,0.15965001160420944
940,0.15965001160420944
941,0.15965001160420944
942,0.15965001160420944
943,0.15965001160420944
944,0.15965001160420944
945,0.15965001160420944
946,0.1871778246213195
947,0.21470563763842954
948,0.2422334506555396
949,0.2697612636726497
950,0.29728907668975973
951,0.29728907668975973
952,0.29728907668975973
953,0.29728907668975973
954,0.29728907668975973
955,0.29728907668975973
956,0.29728907668975973
957,0.29728907668975973
958,0.42775232842016686
959,0.558215580150574
960,0.6886788318809811
961,0.8191420836113883
962,0.9496053353417955
963,0.9496053353417955
964,0.9496053353417955
965,0.9496053353417955
966,0.9496053353417955
967,0.9496053353417955
968,0.9496053353417955
969,0.9496053353417955
970,1.0608262132417303
971,1.1720470911416652
972,1.2832679690416
973,1.3944888469415346
974,1.5057097248414695
975,1.5057097248414695
976,1.5057097248414695
977,1.5057097248414695
978,1.5057097248414695
979,1.5057097248414695
980,1.5057097248414695
981,1.5057097248414695
982,1.7051355735580294
983,1.9045614222745897
984,2.1039872709911496
985,2.30341311970771
986,2.50283896842427
987,2.50283896842427
988,2.50283896842427
989,2.50283896842427
990,2.50283896842427
991,2.50283896842427
992,2.50283896842427
993,2.50283896842427
994,2.5399927661098505
995,2.577146563795431
996,2.614300361481012
997,2.6514541591665926
998,2.6886079568521732
999,2.6886079568521732
1000,2.6886079568521732
1001,2.6886079568521732
1002,2.6886079568521732
1003,2.6886079568521732
1004,2.6886079568521732
1005,2.6886079568521732
1006,2.620680214237269
1007,2.5527524716223646
1008,2.4848247290074608
1009,2.4168969863925565
1010,2.348969243777652
1011,2.348969243777652
1012,2.348969243777652
1013,2.348969243777652
1014,2.348969243777652
1015,2.348969243777652
1016,2.348969243777652
1017,2.348969243777652
1018,2.113467365463666
1019,1.8779654871496798
1020,1.6424636088356936
1021,1.406961730521708
1022,1.1714598522077218
1023,1.1714598522077218
1024,1.1714598522077218
1025,1.1714598522077218
1026,1.1714598522077218
1027,1.1714598522077218
1028,1.1714598522077218
1029,1.1714598522077218
1030,1.1677478645521961
1031,1.1640358768966705
1032,1.1603238892411447
1033,1.156611901585619
1034,1.1528999139300935
1035,1.1528999139300935
1036,1.1528999139300935
1037,1.1528999139300935
1038,1.1528999139300935
1039,1.1528999139300935
1040,1.1528999139300935
1041,1.1528999139300935
1042,1.0157066465000308
1043,0.8785133790699684
1044,0.7413201116399057
1045,0.6041268442098431
1046,0.4669335767797804
1047,0.4669335767797804
1048,0.4669335767797804
1049,0.4669335767797804
1050,0.4669335767797804
1051,0.4669335767797804
1052,0.4669335767797804
1053,0.4669335767797804
1054,0.4194727298448748
1055,0.3720118829099692
1056,0.32455103597506374
1057,0.27709018904015825
1058,0.22962934210525268
1059,0.22962934210525268
1060,0.22962934210525268
1061,0.22962934210525268
1062,0.22962934210525268
1063,0.22962934210525268
1064,0.22962934210525268
1065,0.22962934210525268
1066,0.1984985666525427
1067,0.16736779119983272
1068,0.13623701574712274
1069,0.10510624029441275
1070,0.07397546484170275
1071,0.07397546484170275
1072,0.07397546484170275
1073,0.07397546484170275
1074,0.07397546484170275
1075,0.07397546484170275
1076,0.07397546484170275
1077,0.07397546484170275
1078,0.06006082039312704
1079,0.046146175944551324
1080,0.0322315314959756
1081,0.018316887047399887
1082,0.00440224259882417
1083,0.00440224259882417
1084,0.00440224259882417
1085,0.00440224259882417
1086,0.00440224259882417
1087,0.00440224259882417
1088,0.00440224259882417
1089,0.00440224259882417
1090,0.003531079899164029
1091,0.002659917199503889
1092,0.001788754499843749
1093,0.0009175918001836088
1094,4.6429100523468597e-05
1095,4.6429100523468597e-05
1096,4.6429100523468597e-05
1097,4.6429100523468597e-05
1098,4.6429100523468597e-05
1099,4.6429100523468597e-05
1100,4.6429100523468597e-05
1101,4.6429100523468597e-05
1102,3.714328041877488e-05
1103,2.7857460314081158e-05
1104,1.857164020938744e-05
1105,9.28582010469372e-06
1106,0.0
1107,0.0
1108,0.0
1109,0.0
1110,0.0
1111,0.0
1112,0.0
1113,0.0
1114,0.0
1115,0.0
1116,0.0
1117,0.0
1118,0.0
1119,0.0
1120,0.0
1121,0.0
1122,0.0
1123,0.0
1124,0.0
1125,0.0
1126,0.0
1127,0.0
1128,0.0
1129,0.0
1130,0.0
1131,0.0
1132,0.0
1133,0.0
1134,0.0
1135,0.0
1136,0.0
1137,0.0
1138,0.0
1139,0.0
1140,0.0
1141,0.0
1142,0.0
1143,0.0
1144,0.0
1145,0.0
1146,0.0
1147,0.0
1148,0.0
1149,0.0
1150,0.0
1151,0.0
1152,0.0
1153,0.0
1154,0.0
1155,0.0
1156,0.0
1157,0.0
1158,0.0
1159,0.0
1160,0.0
1161,0.0
1162,0.0
1163,0.0
1164,0.0
1165,0.0
1166,0.0
1167,0.0
1168,0.0
1169,0.0
1170,0.0
1171,0.0
1172,0.0
1173,0.0
1174,0.0
1175,0.0
1176,0.0
1177,0.0
1178,0.0
1179,0.0
1180,0.0
1181,0.0
1182,0.0
1183,0.0
1184,0.0
1185,0.0
1186,0.0
1187,0.0
1188,0.0
1189,0.0
1190,0.0
1191,0.0
1192,0.0
1193,0.0
1194,0.0
1195,0.0
1196,0.0
1197,0.0
1198,9.477949038316644e-05
1199,0.00018955898076633288
1200,0.0002843384711494993
1201,0.00037911796153266577
1202,0.0004738974519158322
1203,0.0004738974519158322
1204,0.0004738974519158322
1205,0.0004738974519158322
1206,0.0004738974519158322
1207,0.0004738974519158322
1208,0.0004738974519158322
1209,0.0004738974519158322
1210,0.009854704313149746
1211,0.01923551117438366
1212,0.028616318035617573
1213,0.03799712489685149
1214,0.0473779317580854
1215,0.0473779317580854
1216,0.0473779317580854
1217,0.0473779317580854
1218,0.0473779317580854
1219,0.0473779317580854
1220,0.0473779317580854
1221,0.0473779317580854
1222,0.06602135328982686
1223,0.08466477482156833
1224,0.10330819635330979
1225,0.12195161788505125
1226,0.14059503941679272
1227,0.14059503941679272
1228,0.14059503941679272
1229,0.14059503941679272
1230,0.14059503941679272
1231,0.14059503941679272
1232,0.14059503941679272
1233,0.14059503941679272
1234,0.2739331369907663
1235,0.4072712345647399
1236,0.5406093321387135
1237,0.6739474297126872
1238,0.8072855272866607
1239,0.8072855272866607
1240,0.8072855272866607
1241,0.8072855272866607
1242,0.8072855272866607
1243,0.8072855272866607
1244,0.8072855272866607
1245,0.8072855272866607
1246,0.9639492040452742
1247,1.1206128808038875
1248,1.2772765575625011
1249,1.4339402343211147
1250,1.5906039110797283
1251,1.5906039110797283
1252,1.5906039110797283
1253,1.5906039110797283
1254,1.5906039110797283
1255,1.5906039110797283
1256,1.5906039110797283
1257,1.5906039110797283
1258,1.7378127251153144
1259,1.8850215391509004
1260,2.0322303531864865
1261,2.1794391672220725
1262,2.3266479812576586
1263,2.3266479812576586
1264,2.3266479812576586
1265,2.3266479812576586
1266,2.3266479812576586
1267,2.3266479812576586
1268,2.3266479812576586
1269,2.3266479812576586
1270,2.262549751773154
1271,2.198451522288649
1272,2.134353292804144
1273,2.0702550633196393
1274,2.006156833835134
1275,2.006156833835134
1276,2.006156833835134
1277,2.006156833835134
1278,2.006156833835134
1279,2.006156833835134
1280,2.006156833835134
1281,2.006156833835134
1282,2.1125467816424455
1283,2.2189367294497564
1284,2.3253266772570678
1285,2.4317166250643787
1286,2.5381065728716896
1287,2.5381065728716896
1288,2.5381065728716896
1289,2.5381065728716896
1290,2.5381065728716896
1291,2.5381065728716896
1292,2.5381065728716896
1293,2.5381065728716896
1294,2.500889916537511
1295,2.463673260203332
1296,2.4264566038691537
1297,2.3892399475349753
1298,2.352023291200797
1299,2.352023291200797
1300,2.352023291200797
1301,2.352023291200797
1302,2.352023291200797
1303,2.352023291200797
1304,2.352023291200797
1305,2.352023291200797
1306,2.2252585165707814
1307,2.098493741940766
1308,1.9717289673107508
1309,1.8449641926807352
1310,1.7181994180507199
1311,1.7181994180507199
1312,1.7181994180507199
1313,1.7181994180507199
1314,1.7181994180507199
1315,1.7181994180507199
1316,1.7181994180507199
1317,1.7181994180507199
1318,1.6051348728353232
1319,1.4920703276199265
1320,1.3790057824045299
1321,1.2659412371891332
1322,1.1528766919737365
1323,1.1528766919737365
1324,1.1528766919737365
1325,1.1528766919737365
1326,1.1528766919737365
1327,1.1528766919737365
1328,1.1528766919737365
1329,1.1528766919737365
1330,1.0874737923168794
1331,1.0220708926600222
1332,0.956667993003165
1333,0.8912650933463078
1334,0.8258621936894507
1335,0.8258621936894507
1336,0.8258621936894507
1337,0.8258621936894507
1338,0.8258621936894507
1339,0.8258621936894507
1340,0.8258621936894507
1341,0.8258621936894507
1342,0.707063694426912
1343,0.5882651951643733
1344,0.46946669590183443
1345,0.3506681966392957
1346,0.23186969737675686
1347,0.23186969737675686
1348,0.23186969737675686
1349,0.23186969737675686
1350,0.23186969737675686
1351,0.23186969737675686
1352,0.23186969737675686
1353,0.23186969737675686
1354,0.20059913118805897
1355,0.16932856499936108
1356,0.1380579988106632
1357,0.10678743262196529
1358,0.07551686643326738
1359,0.07551686643326738
1360,0.07551686643326738
1361,0.07551686643326738
1362,0.07551686643326738
1363,0.07551686643326738
1364,0.07551686643326738
1365,0.07551686643326738
1366,0.06166841285033929
1367,0.0478199592674112
1368,0.0339715056844831
1369,0.020123052101555
1370,0.006274598518626908
1371,0.006274598518626908
1372,0.006274598518626908
1373,0.006274598518626908
1374,0.006274598518626908
1375,0.006274598518626908
1376,0.006274598518626908
1377,0.006274598518626908
1378,0.005019837185080493
1379,0.003765075851534077
1380,0.0025103145179876615
1381,0.001255553184441246
1382,7.918508948311057e-07
1383,7.918508948311057e-07
1384,7.918508948311057e-07
1385,7.918508948311057e-07
1386,7.918508948311057e-07
1387,7.918508948311057e-07
1388,7.918508948311057e-07
1389,7.918508948311057e-07
1390,6.334807158648846e-07
1391,4.751105368986634e-07
1392,3.167403579324423e-07
1393,1.5837017896622114e-07
1394,0.0
1395,0.0
1396,0.0
1397,0.0
1398,0.0
1399,0.0
1400,0.0
1401,0.0
1402,0.0
1403,0.0
1404,0.0
1405,0.0
1406,0.0
1407,0.0
1408,0.0
1409,0.0
1410,0.0
1411,0.0
1412,0.0
1413,0.0
1414,0.0
1415,0.0
1416,0.0
1417,0.0
1418,0.0
1419,0.0
1420,0.0
1421,0.0
1422,0.0
1423,0.0
1424,0.0
1425,0.0
1426,0.0
1427,0.0
1428,0.0
1429,0.0
1430,0.0
1431,0.0
1432,0.0
1433,0.0
1434,0.0
1435,0.0
1436,0.0
1437,0.0
1438,0.0
1439,0.0
1440,0.0
1441,0.0
1442,0.0
1443,0.0
1444,0.0
1445,0.0
1446,0.0
1447,0.0
1448,0.0
1449,0.0
1450,0.0
1451,0.0
1452,0.0
1453,0.0
1454,0.0
1455,0.0
1456,0.0
1457,0.0
1458,0.0
1459,0.0
1460,0.0
1461,0.0
1462,0.0
1463,0.0
1464,0.0
1465,0.0
1466,0.0
1467,0.0
1468,0.0
1469,0.0
1470,0.0
1471,0.0
1472,0.0
1473,0.0
1474,0.0
1475,0.0
1476,0.0
1477,0.0
1478,0.0
1479,0.0
1480,0.0
1481,0.0
1482,0.0
1483,0.0
1484,0.0
1485,0.0
1486,9.094957172395866e-07
1487,1.8189914344791732e-06
1488,2.72848715171876e-06
1489,3.6379828689583465e-06
1490,4.547478586197933e-06
1491,4.547478586197933e-06
1492,4.547478586197933e-06
1493,4.547478586197933e-06
1494,4.547478586197933e-06
1495,4.547478586197933e-06
1496,4.547478586197933e-06
1497,4.547478586197933e-06
1498,0.002621753069816819
1499,0.00523895866104744
1500,0.007856164252278062
1501,0.010473369843508683
1502,0.013090575434739304
1503,0.013090575434739304
1504,0.013090575434739304
1505,0.013090575434739304
1506,0.013090575434739304
1507,0.013090575434739304
1508,0.013090575434739304
1509,0.013090575434739304
1510,0.043470592129309496
1511,0.07385060882387968
1512,0.10423062551844989
1513,0.13461064221302008
1514,0.16499065890759027
1515,0.16499065890759027
1516,0.16499065890759027
1517,0.16499065890759027
1518,0.16499065890759027
1519,0.16499065890759027
1520,0.16499065890759027
1521,0.16499065890759027
1522,0.19145034246402415
1523,0.21791002602045803
1524,0.24436970957689194
1525,0.2708293931333258
1526,0.29728907668975973
1527,0.29728907668975973
1528,0.29728907668975973
1529,0.29728907668975973
1530,0.29728907668975973
1531,0.29728907668975973
1532,0.29728907668975973
1533,0.29728907668975973
1534,0.408997628350975
1535,0.5207061800121902
1536,0.6324147316734053
1537,0.7441232833346205
1538,0.8558318349958358
1539,0.8558318349958358
1540,0.8558318349958358
1541,0.8558318349958358
1542,0.8558318349958358
1543,0.8558318349958358
1544,0.8558318349958358
1545,0.8558318349958358
1546,1.042022030962595
1547,1.2282122269293538
1548,1.4144024228961127
1549,1.6005926188628719
1550,1.786782814829631
1551,1.786782814829631
1552,1.786782814829631
1553,1.786782814829631
1554,1.786782814829631
1555,1.786782814829631
1556,1.786782814829631
1557,1.786782814829631
1558,1.714009277916032
1559,1.6412357410024332
1560,1.568462204088834
1561,1.495688667175235
1562,1.4229151302616359
1563,1.4229151302616359
1564,1.4229151302616359
1565,1.4229151302616359
1566,1.4229151302616359
1567,1.4229151302616359
1568,1.4229151302616359
1569,1.4229151302616359
1570,1.4688171306335955
1571,1.5147191310055552
1572,1.5606211313775151
1573,1.6065231317494748
1574,1.6524251321214347
1575,1.6524251321214347
1576,1.6524251321214347
1577,1.6524251321214347
1578,1.6524251321214347
1579,1.6524251321214347
1580,1.6524251321214347
1581,1.6524251321214347
1582,1.6524251321214347
1583,1.6524251321214347
1584,1.6524251321214347
1585,1.6524251321214347
1586,1.6524251321214347
1587,1.6524251321214347
1588,1.6524251321214347
1589,1.6524251321214347
1590,1.6524251321214347
1591,1.6524251321214347
1592,1.6524251321214347
1593,1.6524251321214347
1594,1.664005712190785
1595,1.6755862922601352
1596,1.6871668723294855
1597,1.6987474523988355
1598,1.7103280324681858
1599,1.7103280324681858
1600,1.7103280324681858
1601,1.7103280324681858
1602,1.7103280324681858
1603,1.7103280324681858
1604,1.7103280324681858
1605,1.7103280324681858
1606,1.615715758588913
1607,1.5211034847096403
1608,1.4264912108303676
1609,1.3318789369510948
1610,1.2372666630718223
1611,1.2372666630718223
1612,1.2372666630718223
1613,1.2372666630718223
1614,1.2372666630718223
1615,1.2372666630718223
1616,1.2372666630718223
1617,1.2372666630718223
1618,1.0833739100605364
1619,0.9294811570492503
1620,0.7755884040379641
1621,0.6216956510266781
1622,0.4678028980153921
1623,0.4678028980153921
1624,0.4678028980153921
1625,0.4678028980153921
1626,0.4678028980153921
1627,0.4678028980153921
1628,0.4678028980153921
1629,0.4678028980153921
1630,0.418569689748924
1631,0.3693364814824559
1632,0.32010327321598775
1633,0.2708700649495196
1634,0.22163685668305144
1635,0.22163685668305144
1636,0.22163685668305144
1637,0.22163685668305144
1638,0.22163685668305144
1639,0.22163685668305144
1640,0.22163685668305144
1641,0.22163685668305144
1642,0.1876961201555959
1643,0.15375538362814034
1644,0.11981464710068478
1645,0.08587391057322923
1646,0.051933174045773675
1647,0.051933174045773675
1648,0.051933174045773675
1649,0.051933174045773675
1650,0.051933174045773675
1651,0.051933174045773675
1652,0.051933174045773675
1653,0.051933174045773675
1654,0.0415706756427104
1655,0.031208177239647132
1656,0.02084567883658386
1657,0.01048318043352059
1658,0.00012068203045731623
1659,0.00012068203045731623
1660,0.00012068203045731623
1661,0.00012068203045731623
1662,0.00012068203045731623
1663,0.00012068203045731623
1664,0.00012068203045731623
1665,0.00012068203045731623
1666,9.669926444582447e-05
1667,7.271649843433271e-05
1668,4.8733732422840966e-05
1669,2.47509664113492e-05
1670,7.682003998574489e-07
1671,7.682003998574489e-07
1672,7.682003998574489e-07
1673,7.682003998574489e-07
1674,7.682003998574489e-07
1675,7.682003998574489e-07
1676,7.682003998574489e-07
1677,7.682003998574489e-07
1678,6.145603198859592e-07
1679,4.6092023991446936e-07
1680,3.072801599429796e-07
1681,1.536400799714898e-07
1682,0.0
1683,0.0
1684,0.0
1685,0.0
1686,0.0
1687,0.0
1688,0.0
1689,0.0
1690,0.0
1691,0.0
1692,0.0
1693,0.0
1694,0.0
1695,0.0
1696,0.0
1697,0.0
1698,0.0
1699,0.0
1700,0.0
1701,0.0
1702,0.0
1703,0.0
1704,0.0
1705,0.0
1706,0.0
1707,0.0
1708,0.0
1709,0.0
1710,0.0
1711,0.0
1712,0.0
1713,0.0
1714,0.0
1715,0.0
1716,0.0
1717,0.0
1718,0.0
1719,0.0
1720,0.0
1721,0.0
1722,0.0
1723,0.0
1724,0.0
1725,0.0
1726,0.0
1727,0.0
1728,0.0
1729,0.0
1730,0.0
1731,0.0
1732,0.0
1733,0.0
1734,0.0
1735,0.0
1736,0.0
1737,0.0
1738,0.0
1739,0.0
1740,0.0
1741,0.0
1742,0.0
1743,0.0
1744,0.0
1745,0.0
1746,0.0
1747,0.0
1748,0.0
1749,0.0
1750,0.0
1751,0.0
1752,0.0
1753,0.0
1754,0.0
1755,0.0
1756,0.0
1757,0.0
1758,0.0
1759,0.0
1760,0.0
1761,0.0
1762,0.0
1763,0.0
1764,0.0
1765,0.0
1766,0.0
1767,0.0
1768,0.0
1769,0.0
1770,0.0
1771,0.0
1772,0.0
1773,0.0
1774,9.477949038316644e-05
1775,0.00018955898076633288
1776,0.0002843384711494993
1777,0.00037911796153266577
1778,0.0004738974519158322
1779,0.0004738974519158322
1780,0.0004738974519158322
1781,0.0004738974519158322
1782,0.0004738974519158322
1783,0.0004738974519158322
1784,0.0004738974519158322
1785,0.0004738974519158322
1786,0.009854704313149746
1787,0.01923551117438366
1788,0.028616318035617573
1789,0.03799712489685149
1790,0.0473779317580854
1791,0.0473779317580854
1792,0.0473779317580854
1793,0.0473779317580854
1794,0.0473779317580854
1795,0.0473779317580854
1796,0.0473779317580854
1797,0.0473779317580854
1798,0.08797951927993525
1799,0.1285811068017851
1800,0.16918269432363497
1801,0.20978428184548484
1802,0.25038586936733465
1803,0.25038586936733465
1804,0.25038586936733465
1805,0.25038586936733465
1806,0.25038586936733465
1807,0.25038586936733465
1808,0.25038586936733465
1809,0.25038586936733465
1810,0.3949151058721201
1811,0.5394443423769054
1812,0.6839735788816909
1813,0.8285028153864762
1814,0.9730320518912616
1815,0.9730320518912616
1816,0.9730320518912616
1817,0.9730320518912616
1818,0.9730320518912616
1819,0.9730320518912616
1820,0.9730320518912616
1821,0.9730320518912616
1822,1.1620995892249606
1823,1.3511671265586596
1824,1.5402346638923585
1825,1.7293022012260575
1826,1.9183697385597562
1827,1.9183697385597562
1828,1.9183697385597562
1829,1.9183697385597562
1830,1.9183697385597562
1831,1.9183697385597562
1832,1.9183697385597562
1833,1.9183697385597562
1834,2.0694225892052174
1835,2.220475439850679
1836,2.37152829049614
1837,2.5225811411416017
1838,2.673633991787063
1839,2.673633991787063
1840,2.673633991787063
1841,2.673633991787063
1842,2.673633991787063
1843,2.673633991787063
1844,2.673633991787063
1845,2.673633991787063
1846,2.7011685364017346
1847,2.7287030810164064
1848,2.756237625631078
1849,2.78377217024575
1850,2.8113067148604216
1851,2.8113067148604216
1852,2.8113067148604216
1853,2.8113067148604216
1854,2.8113067148604216
1855,2.8113067148604216
1856,2.8113067148604216
1857,2.8113067148604216
1858,2.800531478946006
1859,2.78975624303159
1860,2.7789810071171743
1861,2.7682057712027586
1862,2.757430535288343
1863,2.757430535288343
1864,2.757430535288343
1865,2.757430535288343
1866,2.757430535288343
1867,2.757430535288343
1868,2.757430535288343
1869,2.757430535288343
1870,2.6792784526557494
1871,2.601126370023156
1872,2.5229742873905625
1873,2.444822204757969
1874,2.3666701221253756
1875,2.3666701221253756
1876,2.3666701221253756
1877,2.3666701221253756
1878,2.3666701221253756
1879,2.3666701221253756
1880,2.3666701221253756
1881,2.3666701221253756
1882,2.2272021733703626
1883,2.0877342246153496
1884,1.9482662758603366
1885,1.8087983271053236
1886,1.6693303783503106
1887,1.6693303783503106
1888,1.6693303783503106
1889,1.6693303783503106
1890,1.6693303783503106
1891,1.6693303783503106
1892,1.6693303783503106
1893,1.6693303783503106
1894,1.605351457484113
1895,1.5413725366179154
1896,1.477393615751718
1897,1.4134146948855204
1898,1.3494357740193228
1899,1.3494357740193228
1900,1.3494357740193228
1901,1.3494357740193228
1902,1.3494357740193228
1903,1.3494357740193228
1904,1.3494357740193228
1905,1.3494357740193228
1906,1.2464442849038593
1907,1.1434527957883958
1908,1.0404613066729325
1909,0.9374698175574689
1910,0.8344783284420054
1911,0.8344783284420054
1912,0.8344783284420054
1913,0.8344783284420054
1914,0.8344783284420054
1915,0.8344783284420054
1916,0.8344783284420054
1917,0.8344783284420054
1918,0.7139566022289557
1919,0.593434876015906
1920,0.47291314980285637
1921,0.3523914235898066
1922,0.23186969737675686
1923,0.23186969737675686
1924,0.23186969737675686
1925,0.23186969737675686
1926,0.23186969737675686
1927,0.23186969737675686
1928,0.23186969737675686
1929,0.23186969737675686
1930,0.20059913118805897
1931,0.16932856499936108
1932,0.1380579988106632
1933,0.10678743262196529
1934,0.07551686643326738
1935,0.07551686643326738
1936,0.07551686643326738
1937,0.07551686643326738
1938,0.07551686643326738
1939,0.07551686643326738
1940,0.07551686643326738
1941,0.07551686643326738
1942,0.06172234596620745
1943,0.04792782549914752
1944,0.03413330503208759
1945,0.02033878456502766
1946,0.006544264097967733
1947,0.006544264097967733
1948,0.006544264097967733
1949,0.006544264097967733
1950,0.006544264097967733
1951,0.006544264097967733
1952,0.006544264097967733
1953,0.006544264097967733
1954,0.005244682908187008
1955,0.003945101718406283
1956,0.0026455205286255567
1957,0.0013459393388448322
1958,4.635814906410658e-05
1959,4.635814906410658e-05
1960,4.635814906410658e-05
1961,4.635814906410658e-05
1962,4.635814906410658e-05
1963,4.635814906410658e-05
1964,4.635814906410658e-05
1965,4.635814906410658e-05
1966,3.708651925128526e-05
1967,2.781488943846395e-05
1968,1.854325962564263e-05
1969,9.271629812821316e-06
1970,0.0
1971,0.0
1972,0.0
1973,0.0
1974,0.0
1975,0.0
1976,0.0
1977,0.0
1978,0.0
1979,0.0
1980,0.0
1981,0.0
1982,0.0
1983,0.0
1984,0.0
1985,0.0
1986,0.0
1987,0.0
1988,0.0
1989,0.0
1990,0.0
1991,0.0
1992,0.0
1993,0.0
1994,0.0
1995,0.0
1996,0.0
1997,0.0
1998,0.0
1999,0.0
2000,0.0
2001,0.0
2002,0.0
2003,0.0
2004,0.0
2005,0.0
2006,0.0
2007,0.0
2008,0.0
2009,0.0
2010,0.0
2011,0.0
2012,0.0
2013,0.0
2014,0.0
2015,0.0
2016,0.0
2017,0.0
2018,0.0
2019,0.0
2020,0.0
2021,0.0
2022,0.0
2023,0.0
2024,0.0
2025,0.0
2026,0.03936113856484978
2027,0.07872227712969956
2028,0.11808341569454935
2029,0.15744455425939913
2030,0.19680569282424892
2031,0.19680569282424892
2032,0.19680569282424892
2033,0.19680569282424892
2034,0.19680569282424892
2035,0.19680569282424892
2036,0.19680569282424892
2037,0.19680569282424892
2038,0.19648000389425446
2039,0.19615431496426
2040,0.19582862603426554
2041,0.19550293710427108
2042,0.19517724817427662
2043,0.19517724817427662
2044,0.19517724817427662
2045,0.19517724817427662
2046,0.19517724817427662
2047,0.19517724817427662
2048,0.19517724817427662
2049,0.19517724817427662
2050,0.16071303505901144
2051,0.1262488219437463
2052,0.09178460882848115
2053,0.057320395713215996
2054,0.02285618259795083
2055,0.02285618259795083
2056,0.02285618259795083
2057,0.02285618259795083
2058,0.02285618259795083
2059,0.02285618259795083
2060,0.02285618259795083
2061,0.02285618259795083
2062,0.029879473780563284
2063,0.03690276496317573
2064,0.043926056145788185
2065,0.05094934732840063
2066,0.057972638511013086
2067,0.057972638511013086
2068,0.057972638511013086
2069,0.057972638511013086
2070,0.057972638511013086
2071,0.057972638511013086
2072,0.057972638511013086
2073,0.057972638511013086
2074,0.05800069851797761
2075,0.05802875852494213
2076,0.058056818531906654
2077,0.058084878538871176
2078,0.0581129385458357
2079,0.0581129385458357
2080,0.0581129385458357
2081,0.0581129385458357
2082,0.0581129385458357
2083,0.0581129385458357
2084,0.0581129385458357
2085,0.0581129385458357
2086,0.07749559941963977
2087,0.09687826029344382
2088,0.11626092116724787
2089,0.13564358204105192
2090,0.155026242914856
2091,0.155026242914856
2092,0.155026242914856
2093,0.155026242914856
2094,0.155026242914856
2095,0.155026242914856
2096,0.155026242914856
2097,0.155026242914856
2098,0.2003621745042386
2099,0.2456981060936212
2100,0.29103403768300384
2101,0.33636996927238644
2102,0.38170590086176903
2103,0.38170590086176903
2104,0.38170590086176903
2105,0.38170590086176903
2106,0.38170590086176903
2107,0.38170590086176903
2108,0.38170590086176903
2109,0.38170590086176903
2110,0.6696229948308814
2111,0.9575400887999937
2112,1.245457182769106
2113,1.5333742767382186
2114,1.8212913707073308
2115,1.8212913707073308
2116,1.8212913707073308
2117,1.8212913707073308
2118,1.8212913707073308
2119,1.8212913707073308
2120,1.8212913707073308
2121,1.8212913707073308
2122,1.7131448528366302
2123,1.6049983349659296
2124,1.496851817095229
2125,1.3887052992245283
2126,1.2805587813538275
2127,1.2805587813538275
2128,1.2805587813538275
2129,1.2805587813538275
2130,1.2805587813538275
2131,1.2805587813538275
2132,1.2805587813538275
2133,1.2805587813538275
2134,1.291295498150469
2135,1.3020322149471104
2136,1.312768931743752
2137,1.3235056485403935
2138,1.3342423653370352
2139,1.3342423653370352
2140,1.3342423653370352
2141,1.3342423653370352
2142,1.3342423653370352
2143,1.3342423653370352
2144,1.3342423653370352
2145,1.3342423653370352
2146,1.4780415471504067
2147,1.6218407289637782
2148,1.7656399107771494
2149,1.909439092590521
2150,2.053238274403892
2151,2.053238274403892
2152,2.053238274403892
2153,2.053238274403892
2154,2.053238274403892
2155,2.053238274403892
2156,2.053238274403892
2157,2.053238274403892
2158,1.9211531951239353
2159,1.7890681158439785
2160,1.656983036564022
2161,1.524897957284065
2162,1.3928128780041085
2163,1.3928128780041085
2164,1.3928128780041085
2165,1.3928128780041085
2166,1.3928128780041085
2167,1.3928128780041085
2168,1.3928128780041085
2169,1.3928128780041085
2170,1.3094160670208461
2171,1.2260192560375838
2172,1.142622445054321
2173,1.0592256340710586
2174,0.9758288230877961
2175,0.9758288230877961
2176,0.9758288230877961
2177,0.9758288230877961
2178,0.9758288230877961
2179,0.9758288230877961
2180,0.9758288230877961
2181,0.9758288230877961
2182,0.9716302716533799
2183,0.9674317202189637
2184,0.9632331687845475
2185,0.9590346173501313
2186,0.954836065915715
2187,0.954836065915715
2188,0.954836065915715
2189,0.954836065915715
2190,0.954836065915715
2191,0.954836065915715
2192,0.954836065915715
2193,0.954836065915715
2194,0.9042886571071879
2195,0.8537412482986607
2196,0.8031938394901336
2197,0.7526464306816064
2198,0.7020990218730793
2199,0.7020990218730793
2200,0.7020990218730793
2201,0.7020990218730793
2202,0.7020990218730793
2203,0.7020990218730793
2204,0.7020990218730793
2205,0.7020990218730793
2206,0.611280317866328
2207,0.5204616138595767
2208,0.42964290985282544
2209,0.3388242058460742
2210,0.2480055018393229
2211,0.2480055018393229
2212,0.2480055018393229
2213,0.2480055018393229
2214,0.2480055018393229
2215,0.2480055018393229
2216,0.2480055018393229
2217,0.2480055018393229
2218,0.20877895628666387
2219,0.16955241073400484
2220,0.1303258651813458
2221,0.09109931962868678
2222,0.051872774076027764
2223,0.051872774076027764
2224,0.051872774076027764
2225,0.051872774076027764
2226,0.051872774076027764
2227,0.051872774076027764
2228,0.051872774076027764
2229,0.051872774076027764
2230,0.04154530835027759
2231,0.031217842624527408
2232,0.02089037689877723
2233,0.010562911173027049
2234,0.00023544544727687041
2235,0.00023544544727687041
2236,0.00023544544727687041
2237,0.00023544544727687041
2238,0.00023544544727687041
2239,0.00023544544727687041
2240,0.00023544544727687041
2241,0.00023544544727687041
2242,0.00018851189102389715
2243,0.00014157833477092388
2244,9.46447785179506e-05
2245,4.7711222264977356e-05
2246,7.776660120040846e-07
2247,7.776660120040846e-07
2248,7.776660120040846e-07
2249,7.776660120040846e-07
2250,7.776660120040846e-07
2251,7.776660120040846e-07
2252,7.776660120040846e-07
2253,7.776660120040846e-07
2254,6.221328096032677e-07
2255,4.665996072024508e-07
2256,3.1106640480163386e-07
2257,1.5553320240081693e-07
2258,0.0
2259,0.0
2260,0.0
2261,0.0
2262,0.0
2263,0.0
2264,0.0
2265,0.0
2266,0.0
2267,0.0
2268,0.0
2269,0.0
2270,0.0
2271,0.0
2272,0.0
2273,0.0
2274,0.0
2275,0.0
2276,0.0
2277,0.0
2278,0.000265151842420022
2279,0.000530303684840044
2280,0.000795455527260066
2281,0.001060607369680088
2282,0.0013257592121001102
2283,0.0013257592121001102
2284,0.0013257592121001102
2285,0.0013257592121001102
2286,0.0013257592121001102
2287,0.0013257592121001102
2288,0.0013257592121001102
2289,0.0013257592121001102
2290,0.0013257592121001102
2291,0.0013257592121001102
2292,0.0013257592121001102
2293,0.0013257592121001102
2294,0.0013257592121001102
2295,0.0013257592121001102
2296,0.0013257592121001102
2297,0.0013257592121001102
2298,0.0013257592121001102
2299,0.0013257592121001102
2300,0.0013257592121001102
2301,0.0013257592121001102
2302,0.001060607369680088
2303,0.000795455527260066
