id,predicted
0,0.0
1,0.0
2,0.0
3,0.0
4,0.0
5,0.0
6,0.0
7,0.0
8,0.0
9,0.0
10,0.0
11,0.0
12,0.0
13,0.0
14,0.0
15,0.0
16,0.0
17,0.0
18,0.0
19,0.0
20,0.0
21,0.0
22,0.0
23,0.0
24,0.0
25,0.0
26,0.0
27,0.0
28,0.0
29,0.0
30,0.0
31,0.0
32,0.0
33,0.0
34,0.0
35,0.0
36,0.0
37,0.0
38,0.0
39,0.0
40,0.0
41,0.0
42,0.0
43,0.0
44,0.0
45,0.0
46,0.0
47,0.0
48,4.444444444444445e-08
49,4.444444444444445e-08
50,4.444444444444445e-08
51,4.444444444444445e-08
52,4.444444444444445e-08
53,4.444444444444445e-08
54,4.444444444444445e-08
55,4.444444444444445e-08
56,4.444444444444445e-08
57,4.444444444444445e-08
58,4.444444444444445e-08
59,4.444444444444445e-08
60,0.0014663108509592538
61,0.0014663108509592538
62,0.0014663108509592538
63,0.0014663108509592538
64,0.0014663108509592538
65,0.0014663108509592538
66,0.0014663108509592538
67,0.0014663108509592538
68,0.0014663108509592538
69,0.0014663108509592538
70,0.0014663108509592538
71,0.0014663108509592538
72,0.06967342383459968
73,0.06967342383459968
74,0.06967342383459968
75,0.06967342383459968
76,0.06967342383459968
77,0.06967342383459968
78,0.06967342383459968
79,0.06967342383459968
80,0.06967342383459968
81,0.06967342383459968
82,0.06967342383459968
83,0.06967342383459968
84,0.1251880652194775
85,0.1251880652194775
86,0.1251880652194775
87,0.1251880652194775
88,0.1251880652194775
89,0.1251880652194775
90,0.1251880652194775
91,0.1251880652194775
92,0.1251880652194775
93,0.1251880652194775
94,0.1251880652194775
95,0.1251880652194775
96,0.7756563286016259
97,0.7756563286016259
98,0.7756563286016259
99,0.7756563286016259
100,0.7756563286016259
101,0.7756563286016259
102,0.7756563286016259
103,0.7756563286016259
104,0.7756563286016259
105,0.7756563286016259
106,0.7756563286016259
107,0.7756563286016259
108,1.4853342217842536
109,1.4853342217842536
110,1.4853342217842536
111,1.4853342217842536
112,1.4853342217842536
113,1.4853342217842536
114,1.4853342217842536
115,1.4853342217842536
116,1.4853342217842536
117,1.4853342217842536
118,1.4853342217842536
119,1.4853342217842536
120,1.0101650802954383
121,1.0101650802954383
122,1.0101650802954383
123,1.0101650802954383
124,1.0101650802954383
125,1.0101650802954383
126,1.0101650802954383
127,1.0101650802954383
128,1.0101650802954383
129,1.0101650802954383
130,1.0101650802954383
131,1.0101650802954383
132,1.5745177512599124
133,1.5745177512599124
134,1.5745177512599124
135,1.5745177512599124
136,1.5745177512599124
137,1.5745177512599124
138,1.5745177512599124
139,1.5745177512599124
140,1.5745177512599124
141,1.5745177512599124
142,1.5745177512599124
143,1.5745177512599124
144,1.4195680883510735
145,1.4195680883510735
146,1.4195680883510735
147,1.4195680883510735
148,1.4195680883510735
149,1.4195680883510735
150,1.4195680883510735
151,1.4195680883510735
152,1.4195680883510735
153,1.4195680883510735
154,1.4195680883510735
155,1.4195680883510735
156,1.573097972367981
157,1.573097972367981
158,1.573097972367981
159,1.573097972367981
160,1.573097972367981
161,1.573097972367981
162,1.573097972367981
163,1.573097972367981
164,1.573097972367981
165,1.573097972367981
166,1.573097972367981
167,1.573097972367981
168,1.0726718129541584
169,1.0726718129541584
170,1.0726718129541584
171,1.0726718129541584
172,1.0726718129541584
173,1.0726718129541584
174,1.0726718129541584
175,1.0726718129541584
176,1.0726718129541584
177,1.0726718129541584
178,1.0726718129541584
179,1.0726718129541584
180,0.9168010139143353
181,0.9168010139143353
182,0.9168010139143353
183,0.9168010139143353
184,0.9168010139143353
185,0.9168010139143353
186,0.9168010139143353
187,0.9168010139143353
188,0.9168010139143353
189,0.9168010139143353
190,0.9168010139143353
191,0.9168010139143353
192,0.2351860601308766
193,0.2351860601308766
194,0.2351860601308766
195,0.2351860601308766
196,0.2351860601308766
197,0.2351860601308766
198,0.2351860601308766
199,0.2351860601308766
200,0.2351860601308766
201,0.2351860601308766
202,0.2351860601308766
203,0.2351860601308766
204,0.038261003838716494
205,0.038261003838716494
206,0.038261003838716494
207,0.038261003838716494
208,0.038261003838716494
209,0.038261003838716494
210,0.038261003838716494
211,0.038261003838716494
212,0.038261003838716494
213,0.038261003838716494
214,0.038261003838716494
215,0.038261003838716494
216,0.004448836746495843
217,0.004448836746495843
218,0.004448836746495843
219,0.004448836746495843
220,0.004448836746495843
221,0.004448836746495843
222,0.004448836746495843
223,0.004448836746495843
224,0.004448836746495843
225,0.004448836746495843
226,0.004448836746495843
227,0.004448836746495843
228,0.0006051020434673324
229,0.0006051020434673324
230,0.0006051020434673324
231,0.0006051020434673324
232,0.0006051020434673324
233,0.0006051020434673324
234,0.0006051020434673324
235,0.0006051020434673324
236,0.0006051020434673324
237,0.0006051020434673324
238,0.0006051020434673324
239,0.0006051020434673324
240,0.00014642227467618772
241,0.00014642227467618772
242,0.00014642227467618772
243,0.00014642227467618772
244,0.00014642227467618772
245,0.00014642227467618772
246,0.00014642227467618772
247,0.00014642227467618772
248,0.00014642227467618772
249,0.00014642227467618772
250,0.00014642227467618772
251,0.00014642227467618772
252,2.476592382769846e-07
253,2.476592382769846e-07
254,2.476592382769846e-07
255,2.476592382769846e-07
256,2.476592382769846e-07
257,2.476592382769846e-07
258,2.476592382769846e-07
259,2.476592382769846e-07
260,2.476592382769846e-07
261,2.476592382769846e-07
262,2.476592382769846e-07
263,2.476592382769846e-07
264,0.0
265,0.0
266,0.0
267,0.0
268,0.0
269,0.0
270,0.0
271,0.0
272,0.0
273,0.0
274,0.0
275,0.0
276,0.0
277,0.0
278,0.0
279,0.0
280,0.0
281,0.0
282,0.0
283,0.0
284,0.0
285,0.0
286,0.0
287,0.0
288,0.07510170467401285
289,0.07510170467401285
290,0.07510170467401285
291,0.07510170467401285
292,0.07510170467401285
293,0.07510170467401285
294,0.07510170467401285
295,0.07510170467401285
296,0.07510170467401285
297,0.07510170467401285
298,0.07510170467401285
299,0.07510170467401285
300,0.0
301,0.0
302,0.0
303,0.0
304,0.0
305,0.0
306,0.0
307,0.0
308,0.0
309,0.0
310,0.0
311,0.0
312,0.0
313,0.0
314,0.0
315,0.0
316,0.0
317,0.0
318,0.0
319,0.0
320,0.0
321,0.0
322,0.0
323,0.0
324,0.0
325,0.0
326,0.0
327,0.0
328,0.0
329,0.0
330,0.0
331,0.0
332,0.0
333,0.0
334,0.0
335,0.0
336,1.7171717171717172e-07
337,1.7171717171717172e-07
338,1.7171717171717172e-07
339,1.7171717171717172e-07
340,1.7171717171717172e-07
341,1.7171717171717172e-07
342,1.7171717171717172e-07
343,1.7171717171717172e-07
344,1.7171717171717172e-07
345,1.7171717171717172e-07
346,1.7171717171717172e-07
347,1.7171717171717172e-07
348,0.004129423987271339
349,0.004129423987271339
350,0.004129423987271339
351,0.004129423987271339
352,0.004129423987271339
353,0.004129423987271339
354,0.004129423987271339
355,0.004129423987271339
356,0.004129423987271339
357,0.004129423987271339
358,0.004129423987271339
359,0.004129423987271339
360,0.2808101929077492
361,0.2808101929077492
362,0.2808101929077492
363,0.2808101929077492
364,0.2808101929077492
365,0.2808101929077492
366,0.2808101929077492
367,0.2808101929077492
368,0.2808101929077492
369,0.2808101929077492
370,0.2808101929077492
371,0.2808101929077492
372,0.6840703559625049
373,0.6840703559625049
374,0.6840703559625049
375,0.6840703559625049
376,0.6840703559625049
377,0.6840703559625049
378,0.6840703559625049
379,0.6840703559625049
380,0.6840703559625049
381,0.6840703559625049
382,0.6840703559625049
383,0.6840703559625049
384,0.7262191705257414
385,0.7262191705257414
386,0.7262191705257414
387,0.7262191705257414
388,0.7262191705257414
389,0.7262191705257414
390,0.7262191705257414
391,0.7262191705257414
392,0.7262191705257414
393,0.7262191705257414
394,0.7262191705257414
395,0.7262191705257414
396,1.4301956357681567
397,1.4301956357681567
398,1.4301956357681567
399,1.4301956357681567
400,1.4301956357681567
401,1.4301956357681567
402,1.4301956357681567
403,1.4301956357681567
404,1.4301956357681567
405,1.4301956357681567
406,1.4301956357681567
407,1.4301956357681567
408,1.1741501183918182
409,1.1741501183918182
410,1.1741501183918182
411,1.1741501183918182
412,1.1741501183918182
413,1.1741501183918182
414,1.1741501183918182
415,1.1741501183918182
416,1.1741501183918182
417,1.1741501183918182
418,1.1741501183918182
419,1.1741501183918182
420,2.3487026422858137
421,2.3487026422858137
422,2.3487026422858137
423,2.3487026422858137
424,2.3487026422858137
425,2.3487026422858137
426,2.3487026422858137
427,2.3487026422858137
428,2.3487026422858137
429,2.3487026422858137
430,2.3487026422858137
431,2.3487026422858137
432,1.5012495986606063
433,1.5012495986606063
434,1.5012495986606063
435,1.5012495986606063
436,1.5012495986606063
437,1.5012495986606063
438,1.5012495986606063
439,1.5012495986606063
440,1.5012495986606063
441,1.5012495986606063
442,1.5012495986606063
443,1.5012495986606063
444,0.8351676804004425
445,0.8351676804004425
446,0.8351676804004425
447,0.8351676804004425
448,0.8351676804004425
449,0.8351676804004425
450,0.8351676804004425
451,0.8351676804004425
452,0.8351676804004425
453,0.8351676804004425
454,0.8351676804004425
455,0.8351676804004425
456,0.5309358382158711
457,0.5309358382158711
458,0.5309358382158711
459,0.5309358382158711
460,0.5309358382158711
461,0.5309358382158711
462,0.5309358382158711
463,0.5309358382158711
464,0.5309358382158711
465,0.5309358382158711
466,0.5309358382158711
467,0.5309358382158711
468,0.4476107480848904
469,0.4476107480848904
470,0.4476107480848904
471,0.4476107480848904
472,0.4476107480848904
473,0.4476107480848904
474,0.4476107480848904
475,0.4476107480848904
476,0.4476107480848904
477,0.4476107480848904
478,0.4476107480848904
479,0.4476107480848904
480,0.2884935494001129
481,0.2884935494001129
482,0.2884935494001129
483,0.2884935494001129
484,0.2884935494001129
485,0.2884935494001129
486,0.2884935494001129
487,0.2884935494001129
488,0.2884935494001129
489,0.2884935494001129
490,0.2884935494001129
491,0.2884935494001129
492,0.03195239425407757
493,0.03195239425407757
494,0.03195239425407757
495,0.03195239425407757
496,0.03195239425407757
497,0.03195239425407757
498,0.03195239425407757
499,0.03195239425407757
500,0.03195239425407757
501,0.03195239425407757
502,0.03195239425407757
503,0.03195239425407757
504,0.0022740841081264596
505,0.0022740841081264596
506,0.0022740841081264596
507,0.0022740841081264596
508,0.0022740841081264596
509,0.0022740841081264596
510,0.0022740841081264596
511,0.0022740841081264596
512,0.0022740841081264596
513,0.0022740841081264596
514,0.0022740841081264596
515,0.0022740841081264596
516,1.3676365229893518e-05
517,1.3676365229893518e-05
518,1.3676365229893518e-05
519,1.3676365229893518e-05
520,1.3676365229893518e-05
521,1.3676365229893518e-05
522,1.3676365229893518e-05
523,1.3676365229893518e-05
524,1.3676365229893518e-05
525,1.3676365229893518e-05
526,1.3676365229893518e-05
527,1.3676365229893518e-05
528,3.7144685690952893e-07
529,3.7144685690952893e-07
530,3.7144685690952893e-07
531,3.7144685690952893e-07
532,3.7144685690952893e-07
533,3.7144685690952893e-07
534,3.7144685690952893e-07
535,3.7144685690952893e-07
536,3.7144685690952893e-07
537,3.7144685690952893e-07
538,3.7144685690952893e-07
539,3.7144685690952893e-07
540,2.786726880637481e-07
541,2.786726880637481e-07
542,2.786726880637481e-07
543,2.786726880637481e-07
544,2.786726880637481e-07
545,2.786726880637481e-07
546,2.786726880637481e-07
547,2.786726880637481e-07
548,2.786726880637481e-07
549,2.786726880637481e-07
550,2.786726880637481e-07
551,2.786726880637481e-07
552,0.0
553,0.0
554,0.0
555,0.0
556,0.0
557,0.0
558,0.0
559,0.0
560,0.0
561,0.0
562,0.0
563,0.0
564,6.7516017316017385e-06
565,6.7516017316017385e-06
566,6.7516017316017385e-06
567,6.7516017316017385e-06
568,6.7516017316017385e-06
569,6.7516017316017385e-06
570,6.7516017316017385e-06
571,6.7516017316017385e-06
572,6.7516017316017385e-06
573,6.7516017316017385e-06
574,6.7516017316017385e-06
575,6.7516017316017385e-06
576,6.7516017316017385e-06
577,6.7516017316017385e-06
578,6.7516017316017385e-06
579,6.7516017316017385e-06
580,6.7516017316017385e-06
581,6.7516017316017385e-06
582,6.7516017316017385e-06
583,6.7516017316017385e-06
584,6.7516017316017385e-06
585,6.7516017316017385e-06
586,6.7516017316017385e-06
587,6.7516017316017385e-06
588,0.0
589,0.0
590,0.0
591,0.0
592,0.0
593,0.0
594,0.0
595,0.0
596,0.0
597,0.0
598,0.0
599,0.0
600,0.0
601,0.0
602,0.0
603,0.0
604,0.0
605,0.0
606,0.0
607,0.0
608,0.0
609,0.0
610,0.0
611,0.0
612,0.0
613,0.0
614,0.0
615,0.0
616,0.0
617,0.0
618,0.0
619,0.0
620,0.0
621,0.0
622,0.0
623,0.0
624,3.463203463202814e-08
625,3.463203463202814e-08
626,3.463203463202814e-08
627,3.463203463202814e-08
628,3.463203463202814e-08
629,3.463203463202814e-08
630,3.463203463202814e-08
631,3.463203463202814e-08
632,3.463203463202814e-08
633,3.463203463202814e-08
634,3.463203463202814e-08
635,3.463203463202814e-08
636,0.004826033051910402
637,0.004826033051910402
638,0.004826033051910402
639,0.004826033051910402
640,0.004826033051910402
641,0.004826033051910402
642,0.004826033051910402
643,0.004826033051910402
644,0.004826033051910402
645,0.004826033051910402
646,0.004826033051910402
647,0.004826033051910402
648,0.2821648156734976
649,0.2821648156734976
650,0.2821648156734976
651,0.2821648156734976
652,0.2821648156734976
653,0.2821648156734976
654,0.2821648156734976
655,0.2821648156734976
656,0.2821648156734976
657,0.2821648156734976
658,0.2821648156734976
659,0.2821648156734976
660,0.13447278546339084
661,0.13447278546339084
662,0.13447278546339084
663,0.13447278546339084
664,0.13447278546339084
665,0.13447278546339084
666,0.13447278546339084
667,0.13447278546339084
668,0.13447278546339084
669,0.13447278546339084
670,0.13447278546339084
671,0.13447278546339084
672,0.8254166275592075
673,0.8254166275592075
674,0.8254166275592075
675,0.8254166275592075
676,0.8254166275592075
677,0.8254166275592075
678,0.8254166275592075
679,0.8254166275592075
680,0.8254166275592075
681,0.8254166275592075
682,0.8254166275592075
683,0.8254166275592075
684,1.3863512739278923
685,1.3863512739278923
686,1.3863512739278923
687,1.3863512739278923
688,1.3863512739278923
689,1.3863512739278923
690,1.3863512739278923
691,1.3863512739278923
692,1.3863512739278923
693,1.3863512739278923
694,1.3863512739278923
695,1.3863512739278923
696,1.2873682925609287
697,1.2873682925609287
698,1.2873682925609287
699,1.2873682925609287
700,1.2873682925609287
701,1.2873682925609287
702,1.2873682925609287
703,1.2873682925609287
704,1.2873682925609287
705,1.2873682925609287
706,1.2873682925609287
707,1.2873682925609287
708,1.4566214663952624
709,1.4566214663952624
710,1.4566214663952624
711,1.4566214663952624
712,1.4566214663952624
713,1.4566214663952624
714,1.4566214663952624
715,1.4566214663952624
716,1.4566214663952624
717,1.4566214663952624
718,1.4566214663952624
719,1.4566214663952624
720,1.97088038090798
721,1.97088038090798
722,1.97088038090798
723,1.97088038090798
724,1.97088038090798
725,1.97088038090798
726,1.97088038090798
727,1.97088038090798
728,1.97088038090798
729,1.97088038090798
730,1.97088038090798
731,1.97088038090798
732,0.8651404169314206
733,0.8651404169314206
734,0.8651404169314206
735,0.8651404169314206
736,0.8651404169314206
737,0.8651404169314206
738,0.8651404169314206
739,0.8651404169314206
740,0.8651404169314206
741,0.8651404169314206
742,0.8651404169314206
743,0.8651404169314206
744,1.0095781005953626
745,1.0095781005953626
746,1.0095781005953626
747,1.0095781005953626
748,1.0095781005953626
749,1.0095781005953626
750,1.0095781005953626
751,1.0095781005953626
752,1.0095781005953626
753,1.0095781005953626
754,1.0095781005953626
755,1.0095781005953626
756,0.4351117009543444
757,0.4351117009543444
758,0.4351117009543444
759,0.4351117009543444
760,0.4351117009543444
761,0.4351117009543444
762,0.4351117009543444
763,0.4351117009543444
764,0.4351117009543444
765,0.4351117009543444
766,0.4351117009543444
767,0.4351117009543444
768,0.27139953694190133
769,0.27139953694190133
770,0.27139953694190133
771,0.27139953694190133
772,0.27139953694190133
773,0.27139953694190133
774,0.27139953694190133
775,0.27139953694190133
776,0.27139953694190133
777,0.27139953694190133
778,0.27139953694190133
779,0.27139953694190133
780,0.039410121942187216
781,0.039410121942187216
782,0.039410121942187216
783,0.039410121942187216
784,0.039410121942187216
785,0.039410121942187216
786,0.039410121942187216
787,0.039410121942187216
788,0.039410121942187216
789,0.039410121942187216
790,0.039410121942187216
791,0.039410121942187216
792,0.00013295339519782924
793,0.00013295339519782924
794,0.00013295339519782924
795,0.00013295339519782924
796,0.00013295339519782924
797,0.00013295339519782924
798,0.00013295339519782924
799,0.00013295339519782924
800,0.00013295339519782924
801,0.00013295339519782924
802,0.00013295339519782924
803,0.00013295339519782924
804,7.700391535814994e-06
805,7.700391535814994e-06
806,7.700391535814994e-06
807,7.700391535814994e-06
808,7.700391535814994e-06
809,7.700391535814994e-06
810,7.700391535814994e-06
811,7.700391535814994e-06
812,7.700391535814994e-06
813,7.700391535814994e-06
814,7.700391535814994e-06
815,7.700391535814994e-06
816,3.203729381804979e-07
817,3.203729381804979e-07
818,3.203729381804979e-07
819,3.203729381804979e-07
820,3.203729381804979e-07
821,3.203729381804979e-07
822,3.203729381804979e-07
823,3.203729381804979e-07
824,3.203729381804979e-07
825,3.203729381804979e-07
826,3.203729381804979e-07
827,3.203729381804979e-07
828,2.353893135882743e-07
829,2.353893135882743e-07
830,2.353893135882743e-07
831,2.353893135882743e-07
832,2.353893135882743e-07
833,2.353893135882743e-07
834,2.353893135882743e-07
835,2.353893135882743e-07
836,2.353893135882743e-07
837,2.353893135882743e-07
838,2.353893135882743e-07
839,2.353893135882743e-07
840,6.7516017316017385e-06
841,6.7516017316017385e-06
842,6.7516017316017385e-06
843,6.7516017316017385e-06
844,6.7516017316017385e-06
845,6.7516017316017385e-06
846,6.7516017316017385e-06
847,6.7516017316017385e-06
848,6.7516017316017385e-06
849,6.7516017316017385e-06
850,6.7516017316017385e-06
851,6.7516017316017385e-06
852,6.7516017316017385e-06
853,6.7516017316017385e-06
854,6.7516017316017385e-06
855,6.7516017316017385e-06
856,6.7516017316017385e-06
857,6.7516017316017385e-06
858,6.7516017316017385e-06
859,6.7516017316017385e-06
860,6.7516017316017385e-06
861,6.7516017316017385e-06
862,6.7516017316017385e-06
863,6.7516017316017385e-06
864,0.0
865,0.0
866,0.0
867,0.0
868,0.0
869,0.0
870,0.0
871,0.0
872,0.0
873,0.0
874,0.0
875,0.0
876,0.0
877,0.0
878,0.0
879,0.0
880,0.0
881,0.0
882,0.0
883,0.0
884,0.0
885,0.0
886,0.0
887,0.0
888,0.0
889,0.0
890,0.0
891,0.0
892,0.0
893,0.0
894,0.0
895,0.0
896,0.0
897,0.0
898,0.0
899,0.0
900,0.0
901,0.0
902,0.0
903,0.0
904,0.0
905,0.0
906,0.0
907,0.0
908,0.0
909,0.0
910,0.0
911,0.0
912,1.696703730019178e-06
913,1.696703730019178e-06
914,1.696703730019178e-06
915,1.696703730019178e-06
916,1.696703730019178e-06
917,1.696703730019178e-06
918,1.696703730019178e-06
919,1.696703730019178e-06
920,1.696703730019178e-06
921,1.696703730019178e-06
922,1.696703730019178e-06
923,1.696703730019178e-06
924,0.0333037541564199
925,0.0333037541564199
926,0.0333037541564199
927,0.0333037541564199
928,0.0333037541564199
929,0.0333037541564199
930,0.0333037541564199
931,0.0333037541564199
932,0.0333037541564199
933,0.0333037541564199
934,0.0333037541564199
935,0.0333037541564199
936,0.19785512071932976
937,0.19785512071932976
938,0.19785512071932976
939,0.19785512071932976
940,0.19785512071932976
941,0.19785512071932976
942,0.19785512071932976
943,0.19785512071932976
944,0.19785512071932976
945,0.19785512071932976
946,0.19785512071932976
947,0.19785512071932976
948,0.20487702393284185
949,0.20487702393284185
950,0.20487702393284185
951,0.20487702393284185
952,0.20487702393284185
953,0.20487702393284185
954,0.20487702393284185
955,0.20487702393284185
956,0.20487702393284185
957,0.20487702393284185
958,0.20487702393284185
959,0.20487702393284185
960,1.470544897158323
961,1.470544897158323
962,1.470544897158323
963,1.470544897158323
964,1.470544897158323
965,1.470544897158323
966,1.470544897158323
967,1.470544897158323
968,1.470544897158323
969,1.470544897158323
970,1.470544897158323
971,1.470544897158323
972,1.433936638250825
973,1.433936638250825
974,1.433936638250825
975,1.433936638250825
976,1.433936638250825
977,1.433936638250825
978,1.433936638250825
979,1.433936638250825
980,1.433936638250825
981,1.433936638250825
982,1.433936638250825
983,1.433936638250825
984,1.6641870536977634
985,1.6641870536977634
986,1.6641870536977634
987,1.6641870536977634
988,1.6641870536977634
989,1.6641870536977634
990,1.6641870536977634
991,1.6641870536977634
992,1.6641870536977634
993,1.6641870536977634
994,1.6641870536977634
995,1.6641870536977634
996,2.8960558741311178
997,2.8960558741311178
998,2.8960558741311178
999,2.8960558741311178
1000,2.8960558741311178
1001,2.8960558741311178
1002,2.8960558741311178
1003,2.8960558741311178
1004,2.8960558741311178
1005,2.8960558741311178
1006,2.8960558741311178
1007,2.8960558741311178
1008,1.8777796955404382
1009,1.8777796955404382
1010,1.8777796955404382
1011,1.8777796955404382
1012,1.8777796955404382
1013,1.8777796955404382
1014,1.8777796955404382
1015,1.8777796955404382
1016,1.8777796955404382
1017,1.8777796955404382
1018,1.8777796955404382
1019,1.8777796955404382
1020,0.5275794570111961
1021,0.5275794570111961
1022,0.5275794570111961
1023,0.5275794570111961
1024,0.5275794570111961
1025,0.5275794570111961
1026,0.5275794570111961
1027,0.5275794570111961
1028,0.5275794570111961
1029,0.5275794570111961
1030,0.5275794570111961
1031,0.5275794570111961
1032,1.5535710318315357
1033,1.5535710318315357
1034,1.5535710318315357
1035,1.5535710318315357
1036,1.5535710318315357
1037,1.5535710318315357
1038,1.5535710318315357
1039,1.5535710318315357
1040,1.5535710318315357
1041,1.5535710318315357
1042,1.5535710318315357
1043,1.5535710318315357
1044,0.43447709092699766
1045,0.43447709092699766
1046,0.43447709092699766
1047,0.43447709092699766
1048,0.43447709092699766
1049,0.43447709092699766
1050,0.43447709092699766
1051,0.43447709092699766
1052,0.43447709092699766
1053,0.43447709092699766
1054,0.43447709092699766
1055,0.43447709092699766
1056,0.3608929531724443
1057,0.3608929531724443
1058,0.3608929531724443
1059,0.3608929531724443
1060,0.3608929531724443
1061,0.3608929531724443
1062,0.3608929531724443
1063,0.3608929531724443
1064,0.3608929531724443
1065,0.3608929531724443
1066,0.3608929531724443
1067,0.3608929531724443
1068,0.1218184407741825
1069,0.1218184407741825
1070,0.1218184407741825
1071,0.1218184407741825
1072,0.1218184407741825
1073,0.1218184407741825
1074,0.1218184407741825
1075,0.1218184407741825
1076,0.1218184407741825
1077,0.1218184407741825
1078,0.1218184407741825
1079,0.1218184407741825
1080,0.0044510366316308
1081,0.0044510366316308
1082,0.0044510366316308
1083,0.0044510366316308
1084,0.0044510366316308
1085,0.0044510366316308
1086,0.0044510366316308
1087,0.0044510366316308
1088,0.0044510366316308
1089,0.0044510366316308
1090,0.0044510366316308
1091,0.0044510366316308
1092,8.419735279041723e-05
1093,8.419735279041723e-05
1094,8.419735279041723e-05
1095,8.419735279041723e-05
1096,8.419735279041723e-05
1097,8.419735279041723e-05
1098,8.419735279041723e-05
1099,8.419735279041723e-05
1100,8.419735279041723e-05
1101,8.419735279041723e-05
1102,8.419735279041723e-05
1103,8.419735279041723e-05
1104,2.2496936749414826e-06
1105,2.2496936749414826e-06
1106,2.2496936749414826e-06
1107,2.2496936749414826e-06
1108,2.2496936749414826e-06
1109,2.2496936749414826e-06
1110,2.2496936749414826e-06
1111,2.2496936749414826e-06
1112,2.2496936749414826e-06
1113,2.2496936749414826e-06
1114,2.2496936749414826e-06
1115,2.2496936749414826e-06
1116,2.594387135813818e-07
1117,2.594387135813818e-07
1118,2.594387135813818e-07
1119,2.594387135813818e-07
1120,2.594387135813818e-07
1121,2.594387135813818e-07
1122,2.594387135813818e-07
1123,2.594387135813818e-07
1124,2.594387135813818e-07
1125,2.594387135813818e-07
1126,2.594387135813818e-07
1127,2.594387135813818e-07
1128,0.0
1129,0.0
1130,0.0
1131,0.0
1132,0.0
1133,0.0
1134,0.0
1135,0.0
1136,0.0
1137,0.0
1138,0.0
1139,0.0
1140,0.0
1141,0.0
1142,0.0
1143,0.0
1144,0.0
1145,0.0
1146,0.0
1147,0.0
1148,0.0
1149,0.0
1150,0.0
1151,0.0
1152,0.0
1153,0.0
1154,0.0
1155,0.0
1156,0.0
1157,0.0
1158,0.0
1159,0.0
1160,0.0
1161,0.0
1162,0.0
1163,0.0
1164,0.0
1165,0.0
1166,0.0
1167,0.0
1168,0.0
1169,0.0
1170,0.0
1171,0.0
1172,0.0
1173,0.0
1174,0.0
1175,0.0
1176,0.0
1177,0.0
1178,0.0
1179,0.0
1180,0.0
1181,0.0
1182,0.0
1183,0.0
1184,0.0
1185,0.0
1186,0.0
1187,0.0
1188,0.0
1189,0.0
1190,0.0
1191,0.0
1192,0.0
1193,0.0
1194,0.0
1195,0.0
1196,0.0
1197,0.0
1198,0.0
1199,0.0
1200,0.0007199891548829571
1201,0.0007199891548829571
1202,0.0007199891548829571
1203,0.0007199891548829571
1204,0.0007199891548829571
1205,0.0007199891548829571
1206,0.0007199891548829571
1207,0.0007199891548829571
1208,0.0007199891548829571
1209,0.0007199891548829571
1210,0.0007199891548829571
1211,0.0007199891548829571
1212,0.1057357775757615
1213,0.1057357775757615
1214,0.1057357775757615
1215,0.1057357775757615
1216,0.1057357775757615
1217,0.1057357775757615
1218,0.1057357775757615
1219,0.1057357775757615
1220,0.1057357775757615
1221,0.1057357775757615
1222,0.1057357775757615
1223,0.1057357775757615
1224,0.17294921803280103
1225,0.17294921803280103
1226,0.17294921803280103
1227,0.17294921803280103
1228,0.17294921803280103
1229,0.17294921803280103
1230,0.17294921803280103
1231,0.17294921803280103
1232,0.17294921803280103
1233,0.17294921803280103
1234,0.17294921803280103
1235,0.17294921803280103
1236,0.8034195820517457
1237,0.8034195820517457
1238,0.8034195820517457
1239,0.8034195820517457
1240,0.8034195820517457
1241,0.8034195820517457
1242,0.8034195820517457
1243,0.8034195820517457
1244,0.8034195820517457
1245,0.8034195820517457
1246,0.8034195820517457
1247,0.8034195820517457
1248,0.7497675041551366
1249,0.7497675041551366
1250,0.7497675041551366
1251,0.7497675041551366
1252,0.7497675041551366
1253,0.7497675041551366
1254,0.7497675041551366
1255,0.7497675041551366
1256,0.7497675041551366
1257,0.7497675041551366
1258,0.7497675041551366
1259,0.7497675041551366
1260,1.803372120174795
1261,1.803372120174795
1262,1.803372120174795
1263,1.803372120174795
1264,1.803372120174795
1265,1.803372120174795
1266,1.803372120174795
1267,1.803372120174795
1268,1.803372120174795
1269,1.803372120174795
1270,1.803372120174795
1271,1.803372120174795
1272,1.2597874264840987
1273,1.2597874264840987
1274,1.2597874264840987
1275,1.2597874264840987
1276,1.2597874264840987
1277,1.2597874264840987
1278,1.2597874264840987
1279,1.2597874264840987
1280,1.2597874264840987
1281,1.2597874264840987
1282,1.2597874264840987
1283,1.2597874264840987
1284,2.366452646156592
1285,2.366452646156592
1286,2.366452646156592
1287,2.366452646156592
1288,2.366452646156592
1289,2.366452646156592
1290,2.366452646156592
1291,2.366452646156592
1292,2.366452646156592
1293,2.366452646156592
1294,2.366452646156592
1295,2.366452646156592
1296,2.3248621243499237
1297,2.3248621243499237
1298,2.3248621243499237
1299,2.3248621243499237
1300,2.3248621243499237
1301,2.3248621243499237
1302,2.3248621243499237
1303,2.3248621243499237
1304,2.3248621243499237
1305,2.3248621243499237
1306,2.3248621243499237
1307,2.3248621243499237
1308,1.731404785392428
1309,1.731404785392428
1310,1.731404785392428
1311,1.731404785392428
1312,1.731404785392428
1313,1.731404785392428
1314,1.731404785392428
1315,1.731404785392428
1316,1.731404785392428
1317,1.731404785392428
1318,1.731404785392428
1319,1.731404785392428
1320,1.7043203381441603
1321,1.7043203381441603
1322,1.7043203381441603
1323,1.7043203381441603
1324,1.7043203381441603
1325,1.7043203381441603
1326,1.7043203381441603
1327,1.7043203381441603
1328,1.7043203381441603
1329,1.7043203381441603
1330,1.7043203381441603
1331,1.7043203381441603
1332,0.7792750920118022
1333,0.7792750920118022
1334,0.7792750920118022
1335,0.7792750920118022
1336,0.7792750920118022
1337,0.7792750920118022
1338,0.7792750920118022
1339,0.7792750920118022
1340,0.7792750920118022
1341,0.7792750920118022
1342,0.7792750920118022
1343,0.7792750920118022
1344,0.4302036872093161
1345,0.4302036872093161
1346,0.4302036872093161
1347,0.4302036872093161
1348,0.4302036872093161
1349,0.4302036872093161
1350,0.4302036872093161
1351,0.4302036872093161
1352,0.4302036872093161
1353,0.4302036872093161
1354,0.4302036872093161
1355,0.4302036872093161
1356,0.004522500446944425
1357,0.004522500446944425
1358,0.004522500446944425
1359,0.004522500446944425
1360,0.004522500446944425
1361,0.004522500446944425
1362,0.004522500446944425
1363,0.004522500446944425
1364,0.004522500446944425
1365,0.004522500446944425
1366,0.004522500446944425
1367,0.004522500446944425
1368,0.005728787518702586
1369,0.005728787518702586
1370,0.005728787518702586
1371,0.005728787518702586
1372,0.005728787518702586
1373,0.005728787518702586
1374,0.005728787518702586
1375,0.005728787518702586
1376,0.005728787518702586
1377,0.005728787518702586
1378,0.005728787518702586
1379,0.005728787518702586
1380,8.287364173551484e-05
1381,8.287364173551484e-05
1382,8.287364173551484e-05
1383,8.287364173551484e-05
1384,8.287364173551484e-05
1385,8.287364173551484e-05
1386,8.287364173551484e-05
1387,8.287364173551484e-05
1388,8.287364173551484e-05
1389,8.287364173551484e-05
1390,8.287364173551484e-05
1391,8.287364173551484e-05
1392,2.2496936749414826e-06
1393,2.2496936749414826e-06
1394,2.2496936749414826e-06
1395,2.2496936749414826e-06
1396,2.2496936749414826e-06
1397,2.2496936749414826e-06
1398,2.2496936749414826e-06
1399,2.2496936749414826e-06
1400,2.2496936749414826e-06
1401,2.2496936749414826e-06
1402,2.2496936749414826e-06
1403,2.2496936749414826e-06
1404,2.577959119382244e-07
1405,2.577959119382244e-07
1406,2.577959119382244e-07
1407,2.577959119382244e-07
1408,2.577959119382244e-07
1409,2.577959119382244e-07
1410,2.577959119382244e-07
1411,2.577959119382244e-07
1412,2.577959119382244e-07
1413,2.577959119382244e-07
1414,2.577959119382244e-07
1415,2.577959119382244e-07
1416,0.0
1417,0.0
1418,0.0
1419,0.0
1420,0.0
1421,0.0
1422,0.0
1423,0.0
1424,0.0
1425,0.0
1426,0.0
1427,0.0
1428,0.0
1429,0.0
1430,0.0
1431,0.0
1432,0.0
1433,0.0
1434,0.0
1435,0.0
1436,0.0
1437,0.0
1438,0.0
1439,0.0
1440,0.0
1441,0.0
1442,0.0
1443,0.0
1444,0.0
1445,0.0
1446,0.0
1447,0.0
1448,0.0
1449,0.0
1450,0.0
1451,0.0
1452,0.0
1453,0.0
1454,0.0
1455,0.0
1456,0.0
1457,0.0
1458,0.0
1459,0.0
1460,0.0
1461,0.0
1462,0.0
1463,0.0
1464,0.0
1465,0.0
1466,0.0
1467,0.0
1468,0.0
1469,0.0
1470,0.0
1471,0.0
1472,0.0
1473,0.0
1474,0.0
1475,0.0
1476,0.0
1477,0.0
1478,0.0
1479,0.0
1480,0.0
1481,0.0
1482,0.0
1483,0.0
1484,0.0
1485,0.0
1486,0.0
1487,0.0
1488,1.9912054196566373e-06
1489,1.9912054196566373e-06
1490,1.9912054196566373e-06
1491,1.9912054196566373e-06
1492,1.9912054196566373e-06
1493,1.9912054196566373e-06
1494,1.9912054196566373e-06
1495,1.9912054196566373e-06
1496,1.9912054196566373e-06
1497,1.9912054196566373e-06
1498,1.9912054196566373e-06
1499,1.9912054196566373e-06
1500,0.014930076255164449
1501,0.014930076255164449
1502,0.014930076255164449
1503,0.014930076255164449
1504,0.014930076255164449
1505,0.014930076255164449
1506,0.014930076255164449
1507,0.014930076255164449
1508,0.014930076255164449
1509,0.014930076255164449
1510,0.014930076255164449
1511,0.014930076255164449
1512,0.21214401224713805
1513,0.21214401224713805
1514,0.21214401224713805
1515,0.21214401224713805
1516,0.21214401224713805
1517,0.21214401224713805
1518,0.21214401224713805
1519,0.21214401224713805
1520,0.21214401224713805
1521,0.21214401224713805
1522,0.21214401224713805
1523,0.21214401224713805
1524,0.20875065293716766
1525,0.20875065293716766
1526,0.20875065293716766
1527,0.20875065293716766
1528,0.20875065293716766
1529,0.20875065293716766
1530,0.20875065293716766
1531,0.20875065293716766
1532,0.20875065293716766
1533,0.20875065293716766
1534,0.20875065293716766
1535,0.20875065293716766
1536,0.7531435848772527
1537,0.7531435848772527
1538,0.7531435848772527
1539,0.7531435848772527
1540,0.7531435848772527
1541,0.7531435848772527
1542,0.7531435848772527
1543,0.7531435848772527
1544,0.7531435848772527
1545,0.7531435848772527
1546,0.7531435848772527
1547,0.7531435848772527
1548,1.356304148263199
1549,1.356304148263199
1550,1.356304148263199
1551,1.356304148263199
1552,1.356304148263199
1553,1.356304148263199
1554,1.356304148263199
1555,1.356304148263199
1556,1.356304148263199
1557,1.356304148263199
1558,1.356304148263199
1559,1.356304148263199
1560,1.3784786398600848
1561,1.3784786398600848
1562,1.3784786398600848
1563,1.3784786398600848
1564,1.3784786398600848
1565,1.3784786398600848
1566,1.3784786398600848
1567,1.3784786398600848
1568,1.3784786398600848
1569,1.3784786398600848
1570,1.3784786398600848
1571,1.3784786398600848
1572,1.8726394293756194
1573,1.8726394293756194
1574,1.8726394293756194
1575,1.8726394293756194
1576,1.8726394293756194
1577,1.8726394293756194
1578,1.8726394293756194
1579,1.8726394293756194
1580,1.8726394293756194
1581,1.8726394293756194
1582,1.8726394293756194
1583,1.8726394293756194
1584,1.90770649728704
1585,1.90770649728704
1586,1.90770649728704
1587,1.90770649728704
1588,1.90770649728704
1589,1.90770649728704
1590,1.90770649728704
1591,1.90770649728704
1592,1.90770649728704
1593,1.90770649728704
1594,1.90770649728704
1595,1.90770649728704
1596,1.6424720062304907
1597,1.6424720062304907
1598,1.6424720062304907
1599,1.6424720062304907
1600,1.6424720062304907
1601,1.6424720062304907
1602,1.6424720062304907
1603,1.6424720062304907
1604,1.6424720062304907
1605,1.6424720062304907
1606,1.6424720062304907
1607,1.6424720062304907
1608,1.0208663236826294
1609,1.0208663236826294
1610,1.0208663236826294
1611,1.0208663236826294
1612,1.0208663236826294
1613,1.0208663236826294
1614,1.0208663236826294
1615,1.0208663236826294
1616,1.0208663236826294
1617,1.0208663236826294
1618,1.0208663236826294
1619,1.0208663236826294
1620,0.4208682278046695
1621,0.4208682278046695
1622,0.4208682278046695
1623,0.4208682278046695
1624,0.4208682278046695
1625,0.4208682278046695
1626,0.4208682278046695
1627,0.4208682278046695
1628,0.4208682278046695
1629,0.4208682278046695
1630,0.4208682278046695
1631,0.4208682278046695
1632,0.19285581617686073
1633,0.19285581617686073
1634,0.19285581617686073
1635,0.19285581617686073
1636,0.19285581617686073
1637,0.19285581617686073
1638,0.19285581617686073
1639,0.19285581617686073
1640,0.19285581617686073
1641,0.19285581617686073
1642,0.19285581617686073
1643,0.19285581617686073
1644,0.03259124283418504
1645,0.03259124283418504
1646,0.03259124283418504
1647,0.03259124283418504
1648,0.03259124283418504
1649,0.03259124283418504
1650,0.03259124283418504
1651,0.03259124283418504
1652,0.03259124283418504
1653,0.03259124283418504
1654,0.03259124283418504
1655,0.03259124283418504
1656,0.0028044544479085207
1657,0.0028044544479085207
1658,0.0028044544479085207
1659,0.0028044544479085207
1660,0.0028044544479085207
1661,0.0028044544479085207
1662,0.0028044544479085207
1663,0.0028044544479085207
1664,0.0028044544479085207
1665,0.0028044544479085207
1666,0.0028044544479085207
1667,0.0028044544479085207
1668,2.839738550074945e-05
1669,2.839738550074945e-05
1670,2.839738550074945e-05
1671,2.839738550074945e-05
1672,2.839738550074945e-05
1673,2.839738550074945e-05
1674,2.839738550074945e-05
1675,2.839738550074945e-05
1676,2.839738550074945e-05
1677,2.839738550074945e-05
1678,2.839738550074945e-05
1679,2.839738550074945e-05
1680,0.04424690185419012
1681,0.04424690185419012
1682,0.04424690185419012
1683,0.04424690185419012
1684,0.04424690185419012
1685,0.04424690185419012
1686,0.04424690185419012
1687,0.04424690185419012
1688,0.04424690185419012
1689,0.04424690185419012
1690,0.04424690185419012
1691,0.04424690185419012
1692,7.777597756993043e-07
1693,7.777597756993043e-07
1694,7.777597756993043e-07
1695,7.777597756993043e-07
1696,7.777597756993043e-07
1697,7.777597756993043e-07
1698,7.777597756993043e-07
1699,7.777597756993043e-07
1700,7.777597756993043e-07
1701,7.777597756993043e-07
1702,7.777597756993043e-07
1703,7.777597756993043e-07
1704,0.0
1705,0.0
1706,0.0
1707,0.0
1708,0.0
1709,0.0
1710,0.0
1711,0.0
1712,0.0
1713,0.0
1714,0.0
1715,0.0
1716,0.0
1717,0.0
1718,0.0
1719,0.0
1720,0.0
1721,0.0
1722,0.0
1723,0.0
1724,0.0
1725,0.0
1726,0.0
1727,0.0
1728,0.0
1729,0.0
1730,0.0
1731,0.0
1732,0.0
1733,0.0
1734,0.0
1735,0.0
1736,0.0
1737,0.0
1738,0.0
1739,0.0
1740,0.0
1741,0.0
1742,0.0
1743,0.0
1744,0.0
1745,0.0
1746,0.0
1747,0.0
1748,0.0
1749,0.0
1750,0.0
1751,0.0
1752,0.0
1753,0.0
1754,0.0
1755,0.0
1756,0.0
1757,0.0
1758,0.0
1759,0.0
1760,0.0
1761,0.0
1762,0.0
1763,0.0
1764,0.0
1765,0.0
1766,0.0
1767,0.0
1768,0.0
1769,0.0
1770,0.0
1771,0.0
1772,0.0
1773,0.0
1774,0.0
1775,0.0
1776,0.0017630301185682493
1777,0.0017630301185682493
1778,0.0017630301185682493
1779,0.0017630301185682493
1780,0.0017630301185682493
1781,0.0017630301185682493
1782,0.0017630301185682493
1783,0.0017630301185682493
1784,0.0017630301185682493
1785,0.0017630301185682493
1786,0.0017630301185682493
1787,0.0017630301185682493
1788,0.0594343043840993
1789,0.0594343043840993
1790,0.0594343043840993
1791,0.0594343043840993
1792,0.0594343043840993
1793,0.0594343043840993
1794,0.0594343043840993
1795,0.0594343043840993
1796,0.0594343043840993
1797,0.0594343043840993
1798,0.0594343043840993
1799,0.0594343043840993
1800,0.3334915885151043
1801,0.3334915885151043
1802,0.3334915885151043
1803,0.3334915885151043
1804,0.3334915885151043
1805,0.3334915885151043
1806,0.3334915885151043
1807,0.3334915885151043
1808,0.3334915885151043
1809,0.3334915885151043
1810,0.3334915885151043
1811,0.3334915885151043
1812,1.0861587507504442
1813,1.0861587507504442
1814,1.0861587507504442
1815,1.0861587507504442
1816,1.0861587507504442
1817,1.0861587507504442
1818,1.0861587507504442
1819,1.0861587507504442
1820,1.0861587507504442
1821,1.0861587507504442
1822,1.0861587507504442
1823,1.0861587507504442
1824,2.0942965008031487
1825,2.0942965008031487
1826,2.0942965008031487
1827,2.0942965008031487
1828,2.0942965008031487
1829,2.0942965008031487
1830,2.0942965008031487
1831,2.0942965008031487
1832,2.0942965008031487
1833,2.0942965008031487
1834,2.0942965008031487
1835,2.0942965008031487
1836,2.7231748452082996
1837,2.7231748452082996
1838,2.7231748452082996
1839,2.7231748452082996
1840,2.7231748452082996
1841,2.7231748452082996
1842,2.7231748452082996
1843,2.7231748452082996
1844,2.7231748452082996
1845,2.7231748452082996
1846,2.7231748452082996
1847,2.7231748452082996
1848,2.88058979822759
1849,2.88058979822759
1850,2.88058979822759
1851,2.88058979822759
1852,2.88058979822759
1853,2.88058979822759
1854,2.88058979822759
1855,2.88058979822759
1856,2.88058979822759
1857,2.88058979822759
1858,2.88058979822759
1859,2.88058979822759
1860,2.805053549712426
1861,2.805053549712426
1862,2.805053549712426
1863,2.805053549712426
1864,2.805053549712426
1865,2.805053549712426
1866,2.805053549712426
1867,2.805053549712426
1868,2.805053549712426
1869,2.805053549712426
1870,2.805053549712426
1871,2.805053549712426
1872,2.3203567228879045
1873,2.3203567228879045
1874,2.3203567228879045
1875,2.3203567228879045
1876,2.3203567228879045
1877,2.3203567228879045
1878,2.3203567228879045
1879,2.3203567228879045
1880,2.3203567228879045
1881,2.3203567228879045
1882,2.3203567228879045
1883,2.3203567228879045
1884,1.3867890071924374
1885,1.3867890071924374
1886,1.3867890071924374
1887,1.3867890071924374
1888,1.3867890071924374
1889,1.3867890071924374
1890,1.3867890071924374
1891,1.3867890071924374
1892,1.3867890071924374
1893,1.3867890071924374
1894,1.3867890071924374
1895,1.3867890071924374
1896,1.595508586102196
1897,1.595508586102196
1898,1.595508586102196
1899,1.595508586102196
1900,1.595508586102196
1901,1.595508586102196
1902,1.595508586102196
1903,1.595508586102196
1904,1.595508586102196
1905,1.595508586102196
1906,1.595508586102196
1907,1.595508586102196
1908,1.012844802955262
1909,1.012844802955262
1910,1.012844802955262
1911,1.012844802955262
1912,1.012844802955262
1913,1.012844802955262
1914,1.012844802955262
1915,1.012844802955262
1916,1.012844802955262
1917,1.012844802955262
1918,1.012844802955262
1919,1.012844802955262
1920,0.3117439576152905
1921,0.3117439576152905
1922,0.3117439576152905
1923,0.3117439576152905
1924,0.3117439576152905
1925,0.3117439576152905
1926,0.3117439576152905
1927,0.3117439576152905
1928,0.3117439576152905
1929,0.3117439576152905
1930,0.3117439576152905
1931,0.3117439576152905
1932,0.08883295237610485
1933,0.08883295237610485
1934,0.08883295237610485
1935,0.08883295237610485
1936,0.08883295237610485
1937,0.08883295237610485
1938,0.08883295237610485
1939,0.08883295237610485
1940,0.08883295237610485
1941,0.08883295237610485
1942,0.08883295237610485
1943,0.08883295237610485
1944,0.01599895002608763
1945,0.01599895002608763
1946,0.01599895002608763
1947,0.01599895002608763
1948,0.01599895002608763
1949,0.01599895002608763
1950,0.01599895002608763
1951,0.01599895002608763
1952,0.01599895002608763
1953,0.01599895002608763
1954,0.01599895002608763
1955,0.01599895002608763
1956,6.337039955374336e-05
1957,6.337039955374336e-05
1958,6.337039955374336e-05
1959,6.337039955374336e-05
1960,6.337039955374336e-05
1961,6.337039955374336e-05
1962,6.337039955374336e-05
1963,6.337039955374336e-05
1964,6.337039955374336e-05
1965,6.337039955374336e-05
1966,6.337039955374336e-05
1967,6.337039955374336e-05
1968,3.370438187294514e-08
1969,3.370438187294514e-08
1970,3.370438187294514e-08
1971,3.370438187294514e-08
1972,3.370438187294514e-08
1973,3.370438187294514e-08
1974,3.370438187294514e-08
1975,3.370438187294514e-08
1976,3.370438187294514e-08
1977,3.370438187294514e-08
1978,3.370438187294514e-08
1979,3.370438187294514e-08
1980,3.370438187294514e-08
1981,3.370438187294514e-08
1982,3.370438187294514e-08
1983,3.370438187294514e-08
1984,3.370438187294514e-08
1985,3.370438187294514e-08
1986,3.370438187294514e-08
1987,3.370438187294514e-08
1988,3.370438187294514e-08
1989,3.370438187294514e-08
1990,3.370438187294514e-08
1991,3.370438187294514e-08
1992,0.0
1993,0.0
1994,0.0
1995,0.0
1996,0.0
1997,0.0
1998,0.0
1999,0.0
2000,0.0
2001,0.0
2002,0.0
2003,0.0
2004,0.0
2005,0.0
2006,0.0
2007,0.0
2008,0.0
2009,0.0
2010,0.0
2011,0.0
2012,0.0
2013,0.0
2014,0.0
2015,0.0
2016,0.0
2017,0.0
2018,0.0
2019,0.0
2020,0.0
2021,0.0
2022,0.0
2023,0.0
2024,0.0
2025,0.0
2026,0.0
2027,0.0
2028,0.0
2029,0.0
2030,0.0
2031,0.0
2032,0.0
2033,0.0
2034,0.0
2035,0.0
2036,0.0
2037,0.0
2038,0.0
2039,0.0
2040,0.0
2041,0.0
2042,0.0
2043,0.0
2044,0.0
2045,0.0
2046,0.0
2047,0.0
2048,0.0
2049,0.0
2050,0.0
2051,0.0
2052,0.0
2053,0.0
2054,0.0
2055,0.0
2056,0.0
2057,0.0
2058,0.0
2059,0.0
2060,0.0
2061,0.0
2062,0.0
2063,0.0
2064,0.66758923254974
2065,0.66758923254974
2066,0.66758923254974
2067,0.66758923254974
2068,0.66758923254974
2069,0.66758923254974
2070,0.66758923254974
2071,0.66758923254974
2072,0.66758923254974
2073,0.66758923254974
2074,0.66758923254974
2075,0.66758923254974
2076,0.008414979488342042
2077,0.008414979488342042
2078,0.008414979488342042
2079,0.008414979488342042
2080,0.008414979488342042
2081,0.008414979488342042
2082,0.008414979488342042
2083,0.008414979488342042
2084,0.008414979488342042
2085,0.008414979488342042
2086,0.008414979488342042
2087,0.008414979488342042
2088,0.15163766284361083
2089,0.15163766284361083
2090,0.15163766284361083
2091,0.15163766284361083
2092,0.15163766284361083
2093,0.15163766284361083
2094,0.15163766284361083
2095,0.15163766284361083
2096,0.15163766284361083
2097,0.15163766284361083
2098,0.15163766284361083
2099,0.15163766284361083
2100,0.7480871625453002
2101,0.7480871625453002
2102,0.7480871625453002
2103,0.7480871625453002
2104,0.7480871625453002
2105,0.7480871625453002
2106,0.7480871625453002
2107,0.7480871625453002
2108,0.7480871625453002
2109,0.7480871625453002
2110,0.7480871625453002
2111,0.7480871625453002
2112,2.0153790460660796
2113,2.0153790460660796
2114,2.0153790460660796
2115,2.0153790460660796
2116,2.0153790460660796
2117,2.0153790460660796
2118,2.0153790460660796
2119,2.0153790460660796
2120,2.0153790460660796
2121,2.0153790460660796
2122,2.0153790460660796
2123,2.0153790460660796
2124,1.6373567672318963
2125,1.6373567672318963
2126,1.6373567672318963
2127,1.6373567672318963
2128,1.6373567672318963
2129,1.6373567672318963
2130,1.6373567672318963
2131,1.6373567672318963
2132,1.6373567672318963
2133,1.6373567672318963
2134,1.6373567672318963
2135,1.6373567672318963
2136,1.4323377598355755
2137,1.4323377598355755
2138,1.4323377598355755
2139,1.4323377598355755
2140,1.4323377598355755
2141,1.4323377598355755
2142,1.4323377598355755
2143,1.4323377598355755
2144,1.4323377598355755
2145,1.4323377598355755
2146,1.4323377598355755
2147,1.4323377598355755
2148,1.9991056202100776
2149,1.9991056202100776
2150,1.9991056202100776
2151,1.9991056202100776
2152,1.9991056202100776
2153,1.9991056202100776
2154,1.9991056202100776
2155,1.9991056202100776
2156,1.9991056202100776
2157,1.9991056202100776
2158,1.9991056202100776
2159,1.9991056202100776
2160,1.71061827721332
2161,1.71061827721332
2162,1.71061827721332
2163,1.71061827721332
2164,1.71061827721332
2165,1.71061827721332
2166,1.71061827721332
2167,1.71061827721332
2168,1.71061827721332
2169,1.71061827721332
2170,1.71061827721332
2171,1.71061827721332
2172,1.077448602153172
2173,1.077448602153172
2174,1.077448602153172
2175,1.077448602153172
2176,1.077448602153172
2177,1.077448602153172
2178,1.077448602153172
2179,1.077448602153172
2180,1.077448602153172
2181,1.077448602153172
2182,1.077448602153172
2183,1.077448602153172
2184,1.0970973793646996
2185,1.0970973793646996
2186,1.0970973793646996
2187,1.0970973793646996
2188,1.0970973793646996
2189,1.0970973793646996
2190,1.0970973793646996
2191,1.0970973793646996
2192,1.0970973793646996
2193,1.0970973793646996
2194,1.0970973793646996
2195,1.0970973793646996
2196,0.6007719907722637
2197,0.6007719907722637
2198,0.6007719907722637
2199,0.6007719907722637
2200,0.6007719907722637
2201,0.6007719907722637
2202,0.6007719907722637
2203,0.6007719907722637
2204,0.6007719907722637
2205,0.6007719907722637
2206,0.6007719907722637
2207,0.6007719907722637
2208,0.3004950280348605
2209,0.3004950280348605
2210,0.3004950280348605
2211,0.3004950280348605
2212,0.3004950280348605
2213,0.3004950280348605
2214,0.3004950280348605
2215,0.3004950280348605
2216,0.3004950280348605
2217,0.3004950280348605
2218,0.3004950280348605
2219,0.3004950280348605
2220,0.06426752889608316
2221,0.06426752889608316
2222,0.06426752889608316
2223,0.06426752889608316
2224,0.06426752889608316
2225,0.06426752889608316
2226,0.06426752889608316
2227,0.06426752889608316
2228,0.06426752889608316
2229,0.06426752889608316
2230,0.06426752889608316
2231,0.06426752889608316
2232,0.0006005787635952551
2233,0.0006005787635952551
2234,0.0006005787635952551
2235,0.0006005787635952551
2236,0.0006005787635952551
2237,0.0006005787635952551
2238,0.0006005787635952551
2239,0.0006005787635952551
2240,0.0006005787635952551
2241,0.0006005787635952551
2242,0.0006005787635952551
2243,0.0006005787635952551
2244,1.5141602899626785e-06
2245,1.5141602899626785e-06
2246,1.5141602899626785e-06
2247,1.5141602899626785e-06
2248,1.5141602899626785e-06
2249,1.5141602899626785e-06
2250,1.5141602899626785e-06
2251,1.5141602899626785e-06
2252,1.5141602899626785e-06
2253,1.5141602899626785e-06
2254,1.5141602899626785e-06
2255,1.5141602899626785e-06
2256,1.4203361273139996e-08
2257,1.4203361273139996e-08
2258,1.4203361273139996e-08
2259,1.4203361273139996e-08
2260,1.4203361273139996e-08
2261,1.4203361273139996e-08
2262,1.4203361273139996e-08
2263,1.4203361273139996e-08
2264,1.4203361273139996e-08
2265,1.4203361273139996e-08
2266,1.4203361273139996e-08
2267,1.4203361273139996e-08
2268,1.3112421962369244e-08
2269,1.3112421962369244e-08
2270,1.3112421962369244e-08
2271,1.3112421962369244e-08
2272,1.3112421962369244e-08
2273,1.3112421962369244e-08
2274,1.3112421962369244e-08
2275,1.3112421962369244e-08
2276,1.3112421962369244e-08
2277,1.3112421962369244e-08
2278,1.3112421962369244e-08
2279,1.3112421962369244e-08
2280,0.0
2281,0.0
2282,0.0
2283,0.0
2284,0.0
2285,0.0
2286,0.0
2287,0.0
2288,0.0
2289,0.0
2290,0.0
2291,0.0
2292,5.662004662004762e-05
2293,5.662004662004762e-05
2294,5.662004662004762e-05
2295,5.662004662004762e-05
2296,5.662004662004762e-05
2297,5.662004662004762e-05
2298,5.662004662004762e-05
2299,5.662004662004762e-05
2300,5.662004662004762e-05
2301,5.662004662004762e-05
2302,5.662004662004762e-05
2303,5.662004662004762e-05
